// WeatherSans bitmap subset derived from Noto Sans SC under SIL OFL 1.1.
// Generated file. See OFL.txt and tools/generate_weather_fonts.py.
#include "weather_font.h"

static const uint8_t bitmap10[] = {
    0x49, 0x24, 0x12, 0x52, 0x94, 0x00, 0x00, 0x00, 0x28, 0xa7, 0xd6, 0x53, 0xe5, 0x14, 0x00, 0x87, 0x1e, 0x41, 0x83, 0x02,
    0x59, 0xc2, 0x00, 0x72, 0x0e, 0x41, 0x50, 0x3a, 0xc7, 0xac, 0x14, 0x84, 0xf0, 0x1c, 0x38, 0x38, 0x38, 0x30, 0x72, 0x5e,
    0x6e, 0x7a, 0x49, 0x00, 0x00, 0x22, 0x64, 0x44, 0x44, 0x66, 0x20, 0x04, 0x66, 0x22, 0x26, 0x64, 0x40, 0x23, 0x9c, 0xa0,
    0x00, 0x00, 0x10, 0x20, 0x43, 0xe1, 0x02, 0x00, 0x00, 0x06, 0x24, 0x00, 0x70, 0x00, 0x48, 0x12, 0x22, 0x24, 0x44, 0x48,
    0x80, 0x38, 0xd9, 0x32, 0x24, 0x49, 0x9b, 0x1c, 0x30, 0xc1, 0x04, 0x10, 0x41, 0x1e, 0x31, 0x60, 0x86, 0x18, 0xc6, 0x1f,
    0x71, 0x61, 0x8c, 0x18, 0x2d, 0x9c, 0x18, 0x63, 0x9a, 0x49, 0xf1, 0x82, 0x79, 0x04, 0x1c, 0x18, 0x25, 0x9c, 0x3c, 0xc1,
    0x03, 0xc6, 0xc8, 0x9b, 0x1c, 0x7c, 0x30, 0x86, 0x18, 0x41, 0x04, 0x71, 0xe4, 0x8c, 0x79, 0x27, 0x9c, 0x38, 0xd9, 0x32,
    0x67, 0xc1, 0x93, 0x3c, 0x48, 0x04, 0x80, 0x66, 0x00, 0x06, 0x24, 0x00, 0x00, 0x39, 0xc3, 0x81, 0xc0, 0x80, 0x00, 0x7c,
    0x00, 0x03, 0xe0, 0x00, 0x00, 0x00, 0xe0, 0x70, 0xe7, 0x08, 0x00, 0x00, 0x71, 0x61, 0x84, 0x20, 0x02, 0x08, 0x0f, 0x07,
    0x31, 0x83, 0x37, 0x65, 0xa4, 0xa5, 0x9d, 0xb3, 0xfc, 0x70, 0x07, 0xc0, 0x00, 0x00, 0x10, 0x70, 0xe1, 0x46, 0xcf, 0x9b,
    0x22, 0x78, 0x99, 0x33, 0xc4, 0xc8, 0x93, 0x3c, 0x3c, 0xc9, 0x02, 0x04, 0x08, 0x19, 0x1e, 0x78, 0x99, 0x32, 0x24, 0x49,
    0x93, 0x3c, 0x79, 0x04, 0x1e, 0x41, 0x04, 0x1e, 0x79, 0x04, 0x10, 0x79, 0x04, 0x10, 0x3c, 0x66, 0x60, 0x40, 0x4e, 0x42,
    0x66, 0x3e, 0x44, 0x89, 0x13, 0xe4, 0x48, 0x91, 0x22, 0x49, 0x24, 0x92, 0x08, 0x20, 0x82, 0x08, 0x25, 0x9c, 0x4c, 0x91,
    0x43, 0x87, 0x89, 0x13, 0x22, 0x41, 0x04, 0x10, 0x41, 0x04, 0x1e, 0x66, 0x66, 0x66, 0x6e, 0x5a, 0x5a, 0x5a, 0x42, 0x64,
    0xc9, 0x93, 0xa5, 0xcb, 0x93, 0x26, 0x3c, 0x66, 0x46, 0x42, 0x42, 0x46, 0x66, 0x3c, 0x78, 0x99, 0x12, 0x67, 0x88, 0x10,
    0x20, 0x3c, 0x66, 0x46, 0x42, 0x42, 0x46, 0x66, 0x3c, 0x08, 0x0e, 0x78, 0x99, 0x12, 0x67, 0x8b, 0x13, 0x26, 0x38, 0xd9,
    0x03, 0x81, 0xc1, 0x93, 0x3c, 0x7e, 0x10, 0x10, 0x10, 0x10, 0x10, 0x10, 0x10, 0x44, 0x89, 0x12, 0x24, 0x48, 0x9b, 0x1c,
    0x62, 0x66, 0x24, 0x24, 0x34, 0x3c, 0x18, 0x18, 0xc9, 0xe6, 0xd7, 0x4b, 0xa5, 0x53, 0xb9, 0xdc, 0xc6, 0xcd, 0xa7, 0x8c,
    0x31, 0xe4, 0xb3, 0x44, 0xd8, 0xa1, 0xc3, 0x02, 0x04, 0x08, 0x7c, 0x18, 0x60, 0x83, 0x04, 0x18, 0x3e, 0x64, 0x44, 0x44,
    0x44, 0x44, 0x60, 0x8c, 0x44, 0x42, 0x22, 0x21, 0x00, 0xe2, 0x22, 0x22, 0x22, 0x22, 0xe0, 0x00, 0xc7, 0x16, 0x48, 0x00,
    0x00, 0x03, 0xf0, 0x00, 0x01, 0x83, 0x00, 0x00, 0x00, 0x00, 0x00, 0x00, 0x79, 0x63, 0x9a, 0x59, 0xe0, 0x40, 0x81, 0xe3,
    0x64, 0x48, 0x9b, 0x3c, 0x39, 0x84, 0x10, 0x60, 0xe0, 0x04, 0x08, 0xf3, 0x64, 0x48, 0x9b, 0x1e, 0x71, 0x6f, 0xb0, 0xc1,
    0xe0, 0x39, 0x1c, 0xc2, 0x10, 0x84, 0x7d, 0x65, 0x9e, 0x41, 0xf4, 0xde, 0x41, 0x07, 0x9e, 0x49, 0x24, 0x92, 0x08, 0x24,
    0x92, 0x40, 0x02, 0x02, 0x22, 0x22, 0x26, 0xe0, 0x41, 0x04, 0x96, 0x71, 0xc5, 0x93, 0x49, 0x24, 0x93, 0x7f, 0x3f, 0x92,
    0x49, 0x24, 0x92, 0x48, 0x79, 0xe4, 0x92, 0x49, 0x20, 0x38, 0xd9, 0x12, 0x26, 0xc7, 0x00, 0x78, 0xd9, 0x12, 0x26, 0xcf,
    0x10, 0x20, 0x3c, 0xd9, 0x12, 0x26, 0xc7, 0x81, 0x02, 0x03, 0x98, 0x84, 0x21, 0x00, 0x39, 0x86, 0x06, 0x59, 0xc0, 0x20,
    0x87, 0x88, 0x20, 0x82, 0x0e, 0x49, 0x24, 0x92, 0x79, 0xe0, 0xc9, 0x25, 0x9c, 0x70, 0xc0, 0xd9, 0x2c, 0x97, 0xce, 0xc7,
    0x61, 0x30, 0xd9, 0xc3, 0x1c, 0x53, 0x60, 0xc9, 0x25, 0x9c, 0x30, 0xc2, 0x38, 0x78, 0x63, 0x08, 0x61, 0xe0, 0x32, 0x22,
    0x26, 0x62, 0x22, 0x30, 0x49, 0x24, 0x92, 0x49, 0x20, 0x66, 0x22, 0x23, 0x22, 0x22, 0x60, 0x61, 0xe0, 0x00, 0x00, 0x73,
    0x9c, 0x00, 0x00, 0x00, 0x49, 0x00, 0x00, 0x00, 0x00, 0x00, 0x00, 0x39, 0xea, 0xc1, 0x30, 0x08, 0x03, 0x00, 0xc0, 0x1e,
    0x00, 0x00, 0x00, 0x1f, 0xf0, 0x00, 0x00, 0x00, 0x00, 0x10, 0x04, 0x01, 0xfb, 0xf8, 0x10, 0x04, 0x21, 0x08, 0x7e, 0x00,
    0x00, 0x00, 0x1f, 0xe0, 0x00, 0x00, 0x7f, 0x00, 0x00, 0x03, 0xfe, 0x00, 0x00, 0x08, 0x02, 0x00, 0x80, 0x3e, 0x08, 0x02,
    0x00, 0x83, 0xfe, 0xff, 0x80, 0x00, 0x02, 0x07, 0xfc, 0xd0, 0x24, 0x1f, 0xe0, 0x40, 0x96, 0x64, 0x93, 0x00, 0x00, 0x0f,
    0xe0, 0x00, 0x00, 0x00, 0x00, 0x00, 0x01, 0xff, 0x3f, 0x80, 0x00, 0x01, 0xff, 0x18, 0x06, 0x43, 0x19, 0xfe, 0x00, 0xc0,
    0x3f, 0x9f, 0xe0, 0x80, 0xfc, 0x1b, 0x06, 0xc1, 0x31, 0xff, 0x7f, 0x80, 0x04, 0x1f, 0xf7, 0xfc, 0xfe, 0x21, 0x8f, 0xe3,
    0xf8, 0x94, 0x64, 0x97, 0x00, 0x00, 0x06, 0x00, 0xf0, 0x19, 0x87, 0x4e, 0x02, 0x03, 0xfc, 0x01, 0x80, 0x30, 0x06, 0x00,
    0x00, 0x11, 0x87, 0xf0, 0xe4, 0x3c, 0x87, 0xfc, 0x72, 0x0e, 0x41, 0xcc, 0x3f, 0xc5, 0xb8, 0x00, 0x00, 0x00, 0x01, 0x00,
    0x41, 0xff, 0x00, 0x04, 0xc1, 0x10, 0xc6, 0x60, 0xd0, 0x00, 0x02, 0x18, 0x40, 0xfe, 0x07, 0xc5, 0xb0, 0xb7, 0x3c, 0xb1,
    0x12, 0x0e, 0x00, 0x00, 0x11, 0x05, 0xfd, 0xa0, 0x1a, 0x07, 0xe2, 0x21, 0x2a, 0x52, 0xc1, 0x80, 0x12, 0x02, 0x43, 0xce,
    0x09, 0x81, 0x20, 0x24, 0x1c, 0x96, 0x92, 0x13, 0xc0, 0x00, 0x7f, 0x90, 0x45, 0x31, 0x38, 0x46, 0x13, 0xc5, 0x11, 0x00,
    0x7f, 0xc0, 0x0c, 0x1f, 0xf7, 0xfd, 0x6b, 0x5e, 0xd7, 0xb7, 0xfd, 0x13, 0x45, 0x80, 0x3f, 0xe4, 0x40, 0x88, 0x1f, 0xe6,
    0x20, 0xc5, 0x18, 0x83, 0xfe, 0x40, 0x00, 0x7f, 0xd9, 0x36, 0xed, 0xff, 0x6e, 0xdf, 0xf7, 0xbd, 0x7b, 0xc1, 0x80, 0x00,
    0x7f, 0xdf, 0xf5, 0x2d, 0x4b, 0x52, 0xd8, 0xf4, 0x0d, 0xff, 0x40, 0xc0, 0x25, 0x59, 0x57, 0x54, 0x95, 0x25, 0x4d, 0x57,
    0xd4, 0x31, 0x08, 0x40, 0x00, 0x08, 0x03, 0xf1, 0xcc, 0x0f, 0x03, 0xe0, 0xdf, 0x8e, 0x20, 0x78, 0x1e, 0x0e, 0x00, 0x00,
    0x0f, 0xf0, 0x30, 0x06, 0x07, 0xfc, 0x18, 0x07, 0x81, 0x98, 0x61, 0xc0, 0x00, 0x00, 0x03, 0x07, 0xfd, 0x23, 0x7f, 0xc4,
    0xc3, 0xe0, 0x3c, 0x79, 0x80, 0x00, 0x04, 0x00, 0x80, 0xd2, 0x12, 0x66, 0x44, 0x09, 0x00, 0x40, 0x30, 0x78, 0x00, 0x00,
    0x00, 0x09, 0x22, 0x48, 0x92, 0x24, 0x89, 0x22, 0x49, 0x92, 0x64, 0x90, 0x20, 0x00, 0x00, 0x02, 0x48, 0x49, 0x1d, 0xa7,
    0xfc, 0xad, 0x84, 0x91, 0x92, 0x22, 0x4c, 0x08, 0x00, 0x00, 0x08, 0x3f, 0xef, 0xf8, 0x20, 0x7f, 0x92, 0x64, 0x99, 0x26,
    0x4b, 0x02, 0x00, 0x04, 0x01, 0x07, 0xfd, 0x80, 0x60, 0x18, 0x06, 0x01, 0x80, 0x40, 0x10, 0x00, 0x00, 0x00, 0xc0, 0xff,
    0x91, 0x03, 0xfc, 0x4e, 0x19, 0xc3, 0x6c, 0x58, 0xc0, 0x00, 0x02, 0x07, 0xf8, 0x92, 0x1f, 0xf2, 0x48, 0x4f, 0x1f, 0xf3,
    0x2c, 0x6f, 0x8b, 0x18, 0x00, 0x00, 0x51, 0xff, 0x31, 0x07, 0xa8, 0xd7, 0x1a, 0xc3, 0xda, 0x47, 0xc9, 0x98, 0x00, 0x00,
    0x2f, 0xcf, 0xf8, 0xbf, 0x16, 0x87, 0xfc, 0x5f, 0x8b, 0xf1, 0x52, 0x7b, 0xc0, 0x00, 0x00, 0x0b, 0x61, 0xff, 0x1d, 0x45,
    0x78, 0x6f, 0x1f, 0x63, 0xcc, 0x3b, 0x8c, 0xc8, 0x00, 0x00, 0x20, 0x9f, 0xc5, 0x61, 0xd8, 0x7f, 0xff, 0xa7, 0x69, 0xfa,
    0xac, 0x89, 0x20, 0x00, 0x1f, 0xe0, 0x80, 0x20, 0xff, 0xdf, 0xf1, 0xc0, 0x50, 0x24, 0xf1, 0xe0, 0x00, 0x7f, 0x98, 0x66,
    0x19, 0x86, 0x7f, 0x98, 0x66, 0x19, 0xfe, 0x61, 0x80, 0x00, 0xf8, 0x9b, 0xfb, 0x66, 0x7e, 0x4d, 0xa9, 0xb5, 0x3e, 0x22,
    0x04, 0x03, 0x80, 0x00, 0xff, 0xf7, 0x3d, 0xcf, 0xff, 0xdc, 0xff, 0xfc, 0xcc, 0x23, 0x19, 0x80, 0x00, 0x67, 0xbf, 0xed,
    0xfb, 0xfe, 0xdf, 0xff, 0xfe, 0xff, 0x33, 0x0d, 0x80, 0x00, 0x3f, 0xe5, 0x03, 0xff, 0x3d, 0x9d, 0x63, 0xf8, 0xfe, 0x21,
    0x8f, 0xe0, 0x00, 0x3f, 0x8f, 0xe3, 0xf9, 0xfe, 0x7f, 0x8f, 0xe7, 0x58, 0x7c, 0x2c, 0x80, 0x00, 0x7f, 0xc0, 0x80, 0xfe,
    0x1f, 0xc2, 0x68, 0x7f, 0x0f, 0x00, 0xe0, 0x77, 0xc0, 0x00, 0x3f, 0x8f, 0xe3, 0xf9, 0xff, 0x3f, 0x8f, 0xe3, 0xb9, 0xee,
    0x4e, 0xc0, 0x3f, 0xc6, 0x18, 0xff, 0x18, 0x63, 0x0c, 0x7f, 0x8c, 0x33, 0x04, 0x43, 0x80, 0x00, 0x04, 0x07, 0xf0, 0x10,
    0x02, 0x07, 0xfc, 0x1c, 0x07, 0xc3, 0x26, 0x04, 0x00, 0x00, 0x08, 0x82, 0xf9, 0xc0, 0x67, 0x1d, 0x46, 0x50, 0xb4, 0x29,
    0xce, 0x70, 0x00, 0x2f, 0xe7, 0xb1, 0xf6, 0x17, 0xc3, 0xfc, 0xdb, 0x1b, 0xe1, 0x5e, 0x22, 0xc0, 0x00, 0x7a, 0x80, 0xaf,
    0xfc, 0x48, 0x5a, 0x14, 0x85, 0x35, 0xf7, 0x61, 0x80, 0x00, 0x01, 0xc7, 0xc0, 0x20, 0x7f, 0x92, 0x03, 0xf9, 0xe0, 0x08,
    0xc3, 0xe0, 0x20, 0x0f, 0xe7, 0xf3, 0x7c, 0x7f, 0x00, 0x40, 0x10, 0x04, 0x01, 0x80, 0x60, 0x04, 0x00, 0x91, 0xf6, 0x1b,
    0x83, 0x60, 0x4a, 0x19, 0x72, 0x22, 0x1c, 0x00, 0x00, 0x0f, 0xf8, 0x22, 0x64, 0xc4, 0xd8, 0x0e, 0x09, 0xc3, 0x38, 0x5d,
    0xc2, 0x00, 0x62, 0x08, 0xa0, 0xa9, 0xab, 0x1a, 0x84, 0xa2, 0x11, 0x9c, 0x5c, 0x00, 0x00, 0x62, 0x0b, 0xe5, 0xfd, 0x8a,
    0x0f, 0x8b, 0xe3, 0xfd, 0x88, 0x42, 0x00, 0x08, 0x1b, 0xe1, 0x80, 0x7e, 0x4a, 0x87, 0xf2, 0xa9, 0xff, 0x40, 0x90, 0xc0,
    0x00, 0x00, 0x0f, 0xf8, 0x55, 0x64, 0x45, 0x20, 0x3f, 0x99, 0xc2, 0x7c, 0xda, 0xc0, 0x40, 0x00, 0x0d, 0xf0, 0x3e, 0x24,
    0x46, 0xf8, 0x0a, 0x0b, 0x73, 0x6c, 0x5f, 0xc3, 0xf8, 0x00, 0x1f, 0xf4, 0xe9, 0xfe, 0x2f, 0x1f, 0xe0, 0xc3, 0xff, 0x0c,
    0x03, 0x00, 0x20, 0x04, 0x79, 0xf9, 0x29, 0x21, 0x24, 0xfc, 0x84, 0x91, 0xd2, 0x2f, 0xc8, 0x48, 0x00, 0x00, 0xff, 0x85,
    0x07, 0xf9, 0x56, 0x55, 0x99, 0xe4, 0x19, 0xfe, 0x41, 0x80, 0x00, 0x10, 0x0f, 0xb9, 0x75, 0x3e, 0xa5, 0x5c, 0xfa, 0x9a,
    0x53, 0xea, 0x7d, 0xc1, 0x20, 0x00, 0x0f, 0xf9, 0xeb, 0x7f, 0x43, 0x28, 0xfd, 0xbb, 0x93, 0xfe, 0x7e, 0x0d, 0xc0, 0x00,
    0x00, 0x00, 0x07, 0xe1, 0xff, 0x1f, 0xc2, 0xd8, 0x7f, 0x0f, 0xe1, 0xfc, 0x7f, 0xcf, 0xf8, 0x21, 0x09, 0x82, 0x83, 0xfe,
    0x24, 0x09, 0x82, 0xb0, 0xe6, 0x00, 0x00, 0x00, 0x1f, 0xf2, 0x0d, 0x7b, 0x52, 0xd7, 0xb5, 0x2d, 0x7b, 0x40, 0xd0, 0x60,
    0x00, 0x1d, 0xf5, 0x4d, 0x9f, 0x54, 0xd5, 0x35, 0x7d, 0xd3, 0x4c, 0xd2, 0x60, 0x00, 0x00, 0x1c, 0x87, 0xfd, 0x90, 0x6f,
    0x17, 0xf7, 0x31, 0xbf, 0x43, 0x10, 0xc0, 0x00, 0x0e, 0xf9, 0x7a, 0x29, 0xc5, 0xfc, 0xbf, 0x9c, 0x42, 0x7e, 0x41, 0x08,
    0x20, 0x7f, 0xc0, 0x81, 0xfe, 0x22, 0x45, 0xf8, 0x89, 0x17, 0xe2, 0x24, 0x45, 0x80, 0x00, 0x3f, 0x9f, 0xf7, 0xfd, 0x11,
    0x04, 0x0f, 0xe3, 0xf8, 0x06, 0x3f, 0x80, 0x3f, 0x9f, 0xf7, 0xfd, 0x56, 0x3f, 0x9f, 0xe7, 0xf9, 0xfe, 0x7f, 0x80, 0x00,
    0x3f, 0x8f, 0xf9, 0xff, 0x1a, 0xc3, 0xf8, 0xfd, 0x0f, 0xe1, 0x02, 0x3f, 0xc0, 0x3f, 0x8f, 0xf9, 0xff, 0x0a, 0x03, 0xf8,
    0xbe, 0x1f, 0x73, 0xfc, 0x33, 0x00, 0x00, 0x7f, 0x98, 0x67, 0x79, 0xb6, 0x6d, 0x9b, 0x67, 0xf9, 0x4f, 0x40, 0xc0, 0x00,
    0x00, 0x03, 0x0f, 0xf8, 0xfc, 0x3f, 0x3f, 0xed, 0xeb, 0x4a, 0xde, 0xb0, 0x60, 0x30, 0x0c, 0x00, 0x00, 0x00, 0x00, 0x0c,
    0x03, 0x00
};
static const UiGlyph glyphs10[] = {
    {0x20, 0, 2, 0, 2, 0, 10},
    {0x21, 0, 3, 8, 3, 0, 2},
    {0x22, 3, 5, 8, 5, 0, 2},
    {0x23, 8, 6, 8, 6, 0, 2},
    {0x24, 14, 6, 11, 6, 0, 0},
    {0x25, 23, 11, 8, 11, 0, 2},
    {0x26, 34, 8, 8, 8, 0, 2},
    {0x27, 42, 3, 8, 3, 0, 2},
    {0x28, 45, 4, 12, 4, 0, 1},
    {0x29, 51, 4, 12, 4, 0, 1},
    {0x2a, 57, 5, 8, 5, 0, 2},
    {0x2b, 62, 7, 7, 6, 0, 3},
    {0x2c, 69, 4, 5, 4, 0, 8},
    {0x2d, 72, 4, 4, 4, 0, 6},
    {0x2e, 74, 3, 2, 3, 0, 8},
    {0x2f, 75, 4, 11, 4, 0, 2},
    {0x30, 81, 7, 8, 6, 0, 2},
    {0x31, 88, 6, 8, 6, 0, 2},
    {0x32, 94, 6, 8, 6, 0, 2},
    {0x33, 100, 6, 8, 6, 0, 2},
    {0x34, 106, 6, 8, 6, 0, 2},
    {0x35, 112, 6, 8, 6, 0, 2},
    {0x36, 118, 7, 8, 6, 0, 2},
    {0x37, 125, 6, 8, 6, 0, 2},
    {0x38, 131, 6, 8, 6, 0, 2},
    {0x39, 137, 7, 8, 6, 0, 2},
    {0x3a, 144, 3, 6, 3, 0, 4},
    {0x3b, 147, 4, 9, 4, 0, 4},
    {0x3c, 152, 7, 7, 7, 0, 3},
    {0x3d, 159, 7, 6, 7, 0, 4},
    {0x3e, 165, 7, 7, 7, 0, 3},
    {0x3f, 172, 6, 8, 6, 0, 2},
    {0x40, 178, 11, 11, 11, 0, 2},
    {0x41, 194, 7, 8, 5, -1, 2},
    {0x42, 201, 7, 8, 7, 0, 2},
    {0x43, 208, 7, 8, 7, 0, 2},
    {0x44, 215, 7, 8, 7, 0, 2},
    {0x45, 222, 6, 8, 6, 0, 2},
    {0x46, 228, 6, 8, 6, 0, 2},
    {0x47, 234, 8, 8, 8, 0, 2},
    {0x48, 242, 7, 8, 7, 0, 2},
    {0x49, 249, 3, 8, 3, 0, 2},
    {0x4a, 252, 6, 8, 6, 0, 2},
    {0x4b, 258, 7, 8, 7, 0, 2},
    {0x4c, 265, 6, 8, 6, 0, 2},
    {0x4d, 271, 8, 8, 8, 0, 2},
    {0x4e, 279, 7, 8, 7, 0, 2},
    {0x4f, 286, 8, 8, 8, 0, 2},
    {0x50, 294, 7, 8, 7, 0, 2},
    {0x51, 301, 8, 10, 8, 0, 2},
    {0x52, 311, 7, 8, 7, 0, 2},
    {0x53, 318, 7, 8, 7, 0, 2},
    {0x54, 325, 8, 8, 8, 0, 2},
    {0x55, 333, 7, 8, 7, 0, 2},
    {0x56, 340, 8, 8, 6, -1, 2},
    {0x57, 348, 9, 8, 9, 0, 2},
    {0x58, 357, 6, 8, 6, 0, 2},
    {0x59, 363, 7, 8, 5, -1, 2},
    {0x5a, 370, 7, 8, 7, 0, 2},
    {0x5b, 377, 4, 12, 4, 0, 2},
    {0x5c, 383, 4, 11, 4, 0, 2},
    {0x5d, 389, 4, 12, 4, 0, 2},
    {0x5e, 395, 6, 8, 6, 0, 2},
    {0x5f, 401, 6, 3, 6, 0, 10},
    {0x60, 404, 6, 10, 6, 0, 0},
    {0x61, 412, 6, 6, 6, 0, 4},
    {0x62, 417, 7, 8, 7, 0, 2},
    {0x63, 424, 6, 6, 5, 0, 4},
    {0x64, 429, 7, 8, 7, 0, 2},
    {0x65, 436, 6, 6, 6, 0, 4},
    {0x66, 441, 5, 8, 3, -1, 2},
    {0x67, 446, 6, 8, 6, 0, 4},
    {0x68, 452, 6, 8, 6, 0, 2},
    {0x69, 458, 3, 9, 3, 0, 1},
    {0x6a, 462, 4, 11, 3, -1, 1},
    {0x6b, 468, 6, 8, 6, 0, 2},
    {0x6c, 474, 3, 8, 3, 0, 2},
    {0x6d, 477, 9, 6, 9, 0, 4},
    {0x6e, 484, 6, 6, 6, 0, 4},
    {0x6f, 489, 7, 6, 7, 0, 4},
    {0x70, 495, 7, 8, 7, 0, 4},
    {0x71, 502, 7, 8, 7, 0, 4},
    {0x72, 509, 5, 7, 4, 0, 3},
    {0x73, 514, 6, 6, 6, 0, 4},
    {0x74, 519, 6, 8, 6, 0, 2},
    {0x75, 525, 6, 6, 6, 0, 4},
    {0x76, 530, 6, 6, 6, 0, 4},
    {0x77, 535, 9, 6, 8, 0, 4},
    {0x78, 542, 6, 6, 5, 0, 4},
    {0x79, 547, 6, 8, 6, 0, 4},
    {0x7a, 553, 6, 6, 6, 0, 4},
    {0x7b, 558, 4, 12, 3, -1, 2},
    {0x7c, 564, 3, 12, 3, 0, 1},
    {0x7d, 569, 4, 12, 4, 0, 2},
    {0x7e, 575, 6, 5, 6, 0, 5},
    {0xb0, 579, 5, 8, 5, 0, 2},
    {0x2026, 584, 9, 5, 9, 0, 5},
    {0x2103, 590, 10, 9, 10, 0, 2},
    {0x4e00, 602, 10, 5, 10, 0, 5},
    {0x4e03, 609, 10, 9, 10, 0, 2},
    {0x4e09, 621, 10, 9, 10, 0, 2},
    {0x4e0a, 633, 10, 9, 10, 0, 2},
    {0x4e1c, 645, 10, 10, 10, 0, 1},
    {0x4e8c, 658, 10, 8, 10, 0, 2},
    {0x4e91, 668, 10, 9, 10, 0, 2},
    {0x4e94, 680, 10, 9, 10, 0, 2},
    {0x4eac, 692, 10, 11, 10, 0, 1},
    {0x4eca, 706, 12, 10, 10, -1, 1},
    {0x4f4e, 721, 11, 11, 10, 0, 1},
    {0x516d, 737, 10, 10, 10, 0, 1},
    {0x51b0, 750, 11, 9, 10, 0, 2},
    {0x51bb, 763, 10, 10, 10, 0, 1},
    {0x5317, 776, 11, 10, 10, 0, 2},
    {0x533a, 790, 10, 9, 10, 0, 2},
    {0x5357, 802, 10, 9, 10, 0, 2},
    {0x538b, 814, 11, 9, 10, -1, 2},
    {0x5468, 827, 10, 10, 10, 0, 2},
    {0x56db, 840, 10, 9, 10, 0, 2},
    {0x5733, 852, 10, 10, 10, 0, 2},
    {0x591a, 865, 11, 10, 10, 0, 1},
    {0x5929, 879, 11, 10, 10, 0, 1},
    {0x5b89, 893, 10, 10, 10, 0, 1},
    {0x5c11, 906, 11, 10, 10, -1, 2},
    {0x5ddd, 920, 10, 11, 10, 0, 1},
    {0x5dde, 934, 11, 11, 10, -1, 1},
    {0x5e02, 950, 10, 10, 10, 0, 1},
    {0x5e7f, 963, 10, 10, 10, 0, 1},
    {0x5e86, 976, 11, 10, 10, -1, 1},
    {0x5ea6, 990, 11, 10, 10, -1, 1},
    {0x6210, 1004, 11, 11, 10, 0, 1},
    {0x636e, 1020, 11, 10, 10, -1, 2},
    {0x6570, 1034, 11, 11, 10, -1, 1},
    {0x65b0, 1050, 10, 10, 10, 0, 1},
    {0x65e0, 1063, 10, 11, 10, 0, 1},
    {0x65e5, 1077, 10, 10, 10, 0, 2},
    {0x65f6, 1090, 11, 10, 10, 0, 2},
    {0x660e, 1104, 10, 10, 10, 0, 2},
    {0x6674, 1117, 10, 9, 10, 0, 2},
    {0x6682, 1129, 10, 11, 10, 0, 1},
    {0x66b4, 1143, 10, 10, 10, 0, 2},
    {0x66f4, 1156, 11, 10, 10, 0, 2},
    {0x6700, 1170, 10, 9, 10, 0, 2},
    {0x6708, 1182, 11, 10, 10, -1, 2},
    {0x672a, 1196, 11, 9, 10, -1, 2},
    {0x676d, 1209, 10, 11, 10, 0, 1},
    {0x6982, 1223, 11, 10, 10, -1, 2},
    {0x6b66, 1237, 10, 9, 10, 0, 2},
    {0x6bdb, 1249, 10, 10, 10, 0, 1},
    {0x6c14, 1262, 10, 10, 10, 0, 1},
    {0x6c34, 1275, 11, 9, 10, 0, 2},
    {0x6c49, 1288, 11, 10, 10, 0, 1},
    {0x6c99, 1302, 10, 10, 10, 0, 2},
    {0x6d25, 1315, 10, 9, 10, 0, 2},
    {0x6d77, 1327, 10, 11, 10, 0, 1},
    {0x6df1, 1341, 11, 10, 10, 0, 1},
    {0x6e7f, 1355, 11, 10, 10, 0, 1},
    {0x7387, 1369, 10, 10, 10, 0, 1},
    {0x77e5, 1382, 11, 11, 10, -1, 1},
    {0x897f, 1398, 10, 10, 10, 0, 2},
    {0x90eb, 1411, 11, 10, 10, 0, 1},
    {0x90fd, 1425, 11, 11, 10, 0, 1},
    {0x91cd, 1441, 11, 10, 10, 0, 1},
    {0x957f, 1455, 10, 9, 10, 0, 2},
    {0x95f4, 1467, 10, 10, 10, 0, 1},
    {0x9634, 1480, 10, 11, 10, 0, 1},
    {0x9635, 1494, 10, 10, 10, 0, 1},
    {0x964d, 1507, 11, 10, 10, 0, 1},
    {0x96e8, 1521, 11, 10, 10, 0, 2},
    {0x96ea, 1535, 10, 9, 10, 0, 2},
    {0x96f7, 1547, 10, 10, 10, 0, 2},
    {0x96f9, 1560, 11, 9, 10, 0, 2},
    {0x96fe, 1573, 11, 10, 10, 0, 2},
    {0x98ce, 1587, 10, 10, 10, 0, 2},
    {0x9ad8, 1600, 10, 10, 10, 0, 1},
    {0xff1a, 1613, 10, 7, 10, 0, 3},
};
const UiFont WeatherSans10 = {glyphs10, bitmap10, 175, 14};

static const uint8_t bitmap13[] = {
    0x66, 0x66, 0x66, 0x66, 0x66, 0x6c, 0xd9, 0xb3, 0x66, 0xc0, 0x00, 0x00, 0x00, 0x00, 0x00, 0x34, 0x34, 0x7e, 0x7e, 0x24,
    0x7e, 0x7e, 0x2c, 0x2c, 0x68, 0x18, 0x18, 0x38, 0x7c, 0x7c, 0x60, 0x30, 0x1c, 0x06, 0x06, 0x7e, 0x3c, 0x18, 0x10, 0x30,
    0xc3, 0xc4, 0x12, 0x40, 0x92, 0xc7, 0xaf, 0x19, 0x48, 0x12, 0x40, 0x92, 0x08, 0xf0, 0xc3, 0x00, 0x1c, 0x0f, 0x83, 0x60,
    0xf0, 0x38, 0x0e, 0x36, 0xf9, 0x9e, 0x7f, 0xcf, 0x30, 0x66, 0x66, 0x60, 0x00, 0x00, 0x00, 0x10, 0x8c, 0x46, 0x31, 0x8c,
    0x63, 0x18, 0x43, 0x18, 0x40, 0x02, 0x18, 0xc2, 0x18, 0xc6, 0x31, 0x88, 0xc6, 0x21, 0x00, 0x11, 0xc7, 0x8e, 0x68, 0x00,
    0x00, 0x00, 0x00, 0x00, 0x18, 0x0c, 0x1f, 0xcf, 0xe1, 0x80, 0xc0, 0x60, 0x00, 0x00, 0x00, 0x06, 0x62, 0x64, 0x79, 0xe0,
    0x00, 0x00, 0x46, 0x60, 0x18, 0x84, 0x23, 0x18, 0x84, 0x63, 0x10, 0x8c, 0x60, 0x1c, 0x3e, 0x62, 0x63, 0x63, 0x63, 0x63,
    0x66, 0x3e, 0x1c, 0x38, 0x78, 0x18, 0x18, 0x18, 0x18, 0x18, 0x18, 0x7e, 0x7e, 0x3c, 0x7e, 0x06, 0x06, 0x06, 0x0c, 0x1c,
    0x38, 0x7e, 0x7e, 0x3c, 0x7e, 0x06, 0x1c, 0x3c, 0x0e, 0x06, 0x06, 0x7e, 0x3c, 0x0e, 0x0e, 0x1e, 0x36, 0x36, 0x66, 0x7f,
    0x06, 0x06, 0x06, 0x7c, 0x7c, 0x60, 0x7c, 0x7c, 0x06, 0x06, 0x06, 0xfc, 0x78, 0x1e, 0x3e, 0x60, 0x7e, 0x7e, 0x63, 0x63,
    0x63, 0x3e, 0x1c, 0x7e, 0x7e, 0x04, 0x0c, 0x0c, 0x18, 0x18, 0x18, 0x18, 0x18, 0x3c, 0x7e, 0x66, 0x66, 0x34, 0x3c, 0x66,
    0x66, 0x7e, 0x3c, 0x3c, 0x7e, 0x67, 0x63, 0x7f, 0x3b, 0x03, 0x06, 0x7e, 0x3c, 0x66, 0x00, 0x04, 0x66, 0x66, 0x00, 0x00,
    0x66, 0x26, 0x40, 0x00, 0x0f, 0x3c, 0x70, 0x78, 0x1e, 0x03, 0x00, 0x00, 0x7f, 0x3f, 0x80, 0x0f, 0xe7, 0xf0, 0x00, 0x00,
    0x00, 0x40, 0x70, 0x3c, 0x07, 0x0e, 0x78, 0x60, 0x00, 0x00, 0x38, 0xf8, 0x30, 0x41, 0x06, 0x00, 0x10, 0x30, 0x60, 0x07,
    0x80, 0xff, 0x0c, 0x08, 0x44, 0x66, 0x79, 0x27, 0x49, 0x32, 0x49, 0x92, 0x4d, 0xb3, 0x37, 0x08, 0x00, 0x71, 0x01, 0xf8,
    0x03, 0x00, 0x1c, 0x0e, 0x0d, 0x86, 0xc3, 0x61, 0xb9, 0xfc, 0xc6, 0x41, 0x60, 0xc0, 0x7e, 0x3f, 0x98, 0xcc, 0xe7, 0xe3,
    0xf9, 0x8c, 0xc6, 0x7f, 0x3f, 0x00, 0x1e, 0x1f, 0x9c, 0x0c, 0x06, 0x03, 0x01, 0x80, 0xe0, 0x3f, 0x0f, 0x00, 0x7c, 0x3f,
    0x19, 0xcc, 0x66, 0x33, 0x19, 0x8c, 0xce, 0x7e, 0x3e, 0x00, 0x7e, 0x7e, 0x60, 0x60, 0x7c, 0x7c, 0x60, 0x60, 0x7e, 0x7e,
    0x7e, 0x7e, 0x60, 0x60, 0x7c, 0x7c, 0x60, 0x60, 0x60, 0x60, 0x1f, 0x0f, 0xc7, 0x01, 0x80, 0x67, 0x99, 0xe6, 0x19, 0xc6,
    0x3f, 0x87, 0xc0, 0x63, 0x31, 0x98, 0xcc, 0x67, 0xf3, 0xf9, 0x8c, 0xc6, 0x63, 0x31, 0x80, 0x66, 0x66, 0x66, 0x66, 0x66,
    0x06, 0x06, 0x06, 0x06, 0x06, 0x06, 0x06, 0x06, 0x7c, 0x3c, 0x63, 0x33, 0x1b, 0x0f, 0x87, 0xc3, 0xe1, 0x98, 0xcc, 0x63,
    0x31, 0x80, 0x60, 0xc1, 0x83, 0x06, 0x0c, 0x18, 0x30, 0x7c, 0xfc, 0x61, 0xce, 0x39, 0xc7, 0x39, 0xe7, 0xbc, 0xd5, 0x9b,
    0xb3, 0x76, 0x64, 0xcc, 0x18, 0x63, 0x39, 0x9c, 0xcf, 0x66, 0xb3, 0x79, 0xbc, 0xce, 0x67, 0x31, 0x80, 0x1f, 0x0f, 0xe7,
    0x19, 0x83, 0x60, 0xd8, 0x36, 0x0d, 0xc6, 0x3f, 0x87, 0xc0, 0x7e, 0x7e, 0x63, 0x63, 0x7e, 0x7c, 0x60, 0x60, 0x60, 0x60,
    0x1f, 0x07, 0xf1, 0xc6, 0x30, 0x66, 0x0c, 0xc1, 0x98, 0x33, 0x8c, 0x3f, 0x83, 0xe0, 0x18, 0x03, 0xe0, 0x3c, 0x7e, 0x3f,
    0x98, 0xcc, 0x67, 0xe3, 0xe1, 0xb0, 0xcc, 0x66, 0x31, 0x80, 0x3c, 0x7e, 0x60, 0x60, 0x3c, 0x1e, 0x07, 0x03, 0x7e, 0x3c,
    0x7f, 0x3f, 0x83, 0x01, 0x80, 0xc0, 0x60, 0x30, 0x18, 0x0c, 0x06, 0x00, 0x63, 0x31, 0x98, 0xcc, 0x66, 0x33, 0x19, 0x8c,
    0xc6, 0x3e, 0x1f, 0x00, 0x61, 0xb0, 0xcc, 0xc6, 0x63, 0x31, 0x90, 0x78, 0x3c, 0x1e, 0x06, 0x00, 0xc6, 0x2c, 0x66, 0x6e,
    0x66, 0xf6, 0x6f, 0x66, 0xb6, 0x69, 0x43, 0x9c, 0x39, 0xc3, 0x1c, 0x66, 0x66, 0x34, 0x3c, 0x18, 0x38, 0x3c, 0x66, 0x66,
    0xc7, 0xc3, 0x66, 0x66, 0x2c, 0x3c, 0x18, 0x18, 0x18, 0x18, 0x18, 0x3f, 0x1f, 0x81, 0x80, 0xc0, 0xc0, 0xc0, 0x60, 0x60,
    0x7f, 0x3f, 0x80, 0x73, 0x98, 0xc6, 0x31, 0x8c, 0x63, 0x18, 0xc6, 0x39, 0xc0, 0xc2, 0x10, 0x86, 0x10, 0x84, 0x30, 0x84,
    0x21, 0x84, 0xf3, 0x8c, 0x63, 0x18, 0xc6, 0x31, 0x8c, 0x63, 0x79, 0x80, 0x18, 0x38, 0x3c, 0x2c, 0x64, 0x66, 0x00, 0x00,
    0x00, 0x00, 0x7f, 0x3f, 0x80, 0x20, 0x30, 0x18, 0x08, 0x00, 0x00, 0x00, 0x00, 0x00, 0x00, 0x00, 0x00, 0x00, 0x3c, 0x7e,
    0x06, 0x1e, 0x76, 0x66, 0x7e, 0x3e, 0x60, 0x60, 0x60, 0x7c, 0x7e, 0x63, 0x63, 0x63, 0x63, 0x7e, 0x7c, 0x1c, 0x79, 0x83,
    0x06, 0x0c, 0x0f, 0x8e, 0x03, 0x01, 0x80, 0xc7, 0xe3, 0xf3, 0x19, 0x8c, 0xc6, 0x63, 0x3f, 0x8f, 0xc0, 0x1c, 0x3e, 0x63,
    0x7f, 0x7e, 0x60, 0x3e, 0x1e, 0x3b, 0x99, 0xef, 0x31, 0x8c, 0x63, 0x18, 0x3f, 0x7e, 0x66, 0x7e, 0x3c, 0x60, 0x3c, 0x3f,
    0x63, 0x7e, 0x3c, 0x60, 0x60, 0x60, 0x7c, 0x7e, 0x66, 0x66, 0x66, 0x66, 0x66, 0x66, 0x60, 0x06, 0x66, 0x66, 0x66, 0x60,
    0x30, 0x00, 0x63, 0x18, 0xc6, 0x31, 0x8c, 0x67, 0x70, 0x60, 0x60, 0x60, 0x66, 0x6c, 0x6c, 0x78, 0x7c, 0x6c, 0x66, 0x66,
    0x66, 0x66, 0x66, 0x66, 0x66, 0x70, 0x7c, 0xc7, 0xfe, 0x66, 0x66, 0x66, 0x66, 0x66, 0x66, 0x66, 0x66, 0x66, 0x7c, 0x7e,
    0x66, 0x66, 0x66, 0x66, 0x66, 0x66, 0x1c, 0x1f, 0x18, 0xcc, 0x66, 0x33, 0x18, 0xf8, 0x38, 0x7c, 0x7e, 0x63, 0x63, 0x63,
    0x63, 0x7e, 0x7c, 0x60, 0x60, 0x60, 0x3f, 0x1f, 0x98, 0xcc, 0x66, 0x33, 0x19, 0xfc, 0x7e, 0x03, 0x01, 0x80, 0xc0, 0x01,
    0xe7, 0x98, 0x61, 0x86, 0x18, 0x60, 0x38, 0xf9, 0x83, 0x81, 0xc1, 0x9f, 0x3c, 0x30, 0x61, 0xf3, 0xe3, 0x06, 0x0c, 0x18,
    0x3c, 0x38, 0x66, 0x66, 0x66, 0x66, 0x66, 0x66, 0x7e, 0x3e, 0xc6, 0x46, 0x64, 0x6c, 0x6c, 0x3c, 0x38, 0x38, 0xc6, 0x69,
    0xc9, 0xbb, 0x35, 0x66, 0xac, 0x77, 0x0e, 0xe1, 0x8c, 0x66, 0xd8, 0xe1, 0xc3, 0x8f, 0x9b, 0x63, 0xc6, 0x46, 0x64, 0x6c,
    0x2c, 0x38, 0x38, 0x18, 0x10, 0x70, 0x60, 0x7c, 0xf8, 0x60, 0xc3, 0x04, 0x1f, 0x3e, 0x39, 0x8c, 0x63, 0x19, 0xcc, 0x31,
    0x8c, 0x63, 0x1c, 0x40, 0x66, 0x66, 0x66, 0x66, 0x66, 0x66, 0x66, 0x66, 0x63, 0x8c, 0x63, 0x18, 0xc3, 0x31, 0x8c, 0x63,
    0x39, 0x00, 0x20, 0x7e, 0x5c, 0x00, 0x00, 0x00, 0x00, 0x31, 0xe4, 0x9e, 0x30, 0x00, 0x00, 0x00, 0x00, 0x00, 0x00, 0x06,
    0x62, 0x66, 0x20, 0x00, 0x00, 0x00, 0x00, 0x00, 0x00, 0x00, 0x07, 0x8f, 0x24, 0xfd, 0x2e, 0x06, 0x60, 0x03, 0x00, 0x18,
    0x00, 0xc0, 0x07, 0x00, 0x1f, 0x80, 0x78, 0x7f, 0xfb, 0xff, 0xc0, 0x00, 0x00, 0x00, 0x00, 0x00, 0x00, 0x0c, 0x00, 0x60,
    0x03, 0x00, 0x19, 0xf3, 0xff, 0x3e, 0x00, 0x30, 0x01, 0x80, 0x0c, 0x10, 0x61, 0x81, 0xfc, 0x03, 0x00, 0x7f, 0xf1, 0xff,
    0x00, 0x00, 0x00, 0x01, 0xfc, 0x1f, 0xf0, 0x00, 0x00, 0x00, 0x00, 0x03, 0xff, 0x80, 0x00, 0x06, 0x00, 0x30, 0x01, 0x80,
    0x0c, 0x00, 0x7f, 0x03, 0xf0, 0x18, 0x00, 0xc0, 0x06, 0x00, 0x30, 0x3f, 0xfe, 0xff, 0xe0, 0x06, 0x00, 0x70, 0x1f, 0xfc,
    0x30, 0x01, 0xb0, 0x1f, 0xf0, 0xff, 0xc0, 0x60, 0x13, 0x61, 0x99, 0x99, 0xcc, 0x0e, 0x00, 0x3f, 0xf1, 0xff, 0x00, 0x00,
    0x00, 0x00, 0x00, 0x00, 0x00, 0x00, 0x0f, 0xfe, 0x7f, 0xf8, 0x00, 0x01, 0xff, 0x00, 0x00, 0x00, 0x07, 0xff, 0x3f, 0xfc,
    0x30, 0x01, 0x98, 0x18, 0x61, 0xc7, 0x0f, 0xfc, 0x60, 0x20, 0x00, 0x00, 0x3f, 0xe1, 0xff, 0x81, 0x80, 0x08, 0x03, 0xfc,
    0x06, 0x60, 0x33, 0x01, 0x98, 0x0c, 0xc3, 0xff, 0xdf, 0xfc, 0x02, 0x00, 0x38, 0x1f, 0xfc, 0x00, 0x03, 0xfe, 0x18, 0x30,
    0xff, 0x87, 0xfc, 0x02, 0x01, 0x93, 0x18, 0x8c, 0x9c, 0x20, 0x00, 0x00, 0x03, 0x00, 0x1e, 0x00, 0xfc, 0x07, 0x38, 0x7b,
    0x39, 0x8e, 0x61, 0xfe, 0x0f, 0xfc, 0x00, 0x60, 0x03, 0x00, 0x1c, 0x00, 0xe0, 0x00, 0x00, 0x10, 0x61, 0xff, 0x0f, 0x20,
    0xd9, 0x06, 0xc8, 0x77, 0xf8, 0xb3, 0x05, 0x98, 0x2c, 0x41, 0x6a, 0xcb, 0xfc, 0x59, 0x60, 0x00, 0x00, 0x02, 0x00, 0x18,
    0x00, 0xc0, 0xff, 0xe7, 0xff, 0x80, 0x00, 0x23, 0x03, 0x18, 0x18, 0x61, 0x81, 0x9c, 0x0c, 0xc0, 0x20, 0x00, 0x00, 0x00,
    0xc1, 0x83, 0x03, 0x0c, 0x83, 0xf6, 0x07, 0xf0, 0x0b, 0x81, 0x6e, 0x0d, 0xbc, 0x6c, 0xd9, 0xb3, 0x60, 0x1c, 0x00, 0x60,
    0x03, 0x02, 0x18, 0x1b, 0xfe, 0x6c, 0x00, 0x68, 0x06, 0xc0, 0x3f, 0xc6, 0x10, 0x24, 0xa3, 0x65, 0x9a, 0x66, 0x07, 0x00,
    0x00, 0x00, 0x36, 0x00, 0xd8, 0x03, 0x64, 0x7d, 0xb1, 0xf7, 0x80, 0xd8, 0x03, 0x60, 0x0d, 0x80, 0xf6, 0x2f, 0xd8, 0x93,
    0x76, 0x0c, 0xf0, 0x00, 0x00, 0x7f, 0xf3, 0x00, 0x10, 0x10, 0x99, 0x84, 0xf8, 0x21, 0xc1, 0x0e, 0x08, 0xf8, 0x7c, 0xe2,
    0xc3, 0x18, 0x00, 0xff, 0xe0, 0x06, 0x07, 0xff, 0x81, 0x80, 0xff, 0xe7, 0xff, 0x36, 0xd9, 0xbe, 0xcf, 0xf6, 0x66, 0x33,
    0xff, 0x99, 0x8c, 0xcd, 0xc0, 0x7f, 0xfb, 0x00, 0x18, 0x40, 0xc2, 0x06, 0x10, 0x3f, 0xf9, 0x8c, 0x0c, 0x2c, 0x61, 0x32,
    0x08, 0x3f, 0xfd, 0xbf, 0xe0, 0x00, 0x00, 0x7f, 0xf3, 0x01, 0x98, 0x8c, 0xdf, 0x66, 0x63, 0x3f, 0xf9, 0x80, 0xcf, 0xf6,
    0x78, 0xb3, 0xc5, 0x97, 0xed, 0x91, 0xc0, 0x00, 0x00, 0x00, 0x03, 0xff, 0x9f, 0xfc, 0xd9, 0x66, 0xcb, 0x36, 0x59, 0xb2,
    0xcf, 0x1e, 0x70, 0x33, 0x01, 0x9f, 0xfc, 0xc0, 0x60, 0x32, 0x31, 0x95, 0x8c, 0xad, 0xf5, 0x67, 0xab, 0x1b, 0x58, 0xda,
    0xc6, 0xd6, 0x3e, 0xb7, 0xb5, 0x83, 0x0c, 0x18, 0x60, 0x00, 0x00, 0x00, 0x00, 0x30, 0x03, 0xf8, 0x71, 0x82, 0xf8, 0x07,
    0x81, 0xf6, 0x0c, 0x7f, 0x1e, 0x30, 0xd3, 0x00, 0xf0, 0x7e, 0x07, 0x80, 0x00, 0x00, 0x3f, 0xe3, 0xff, 0x80, 0x80, 0x04,
    0x00, 0x60, 0x3f, 0xf8, 0x1c, 0x00, 0xe0, 0x0d, 0x80, 0xc6, 0x1c, 0x1c, 0xc0, 0x60, 0x00, 0x00, 0x02, 0x00, 0x30, 0x1f,
    0xfc, 0xc8, 0x64, 0x41, 0x3f, 0xf8, 0x63, 0x07, 0x30, 0x1f, 0x80, 0x3e, 0x1f, 0x3c, 0xe0, 0x40, 0x02, 0x00, 0x10, 0x04,
    0x98, 0x64, 0xc2, 0x23, 0x31, 0x09, 0x08, 0x40, 0x4c, 0x00, 0xc0, 0x1c, 0x0f, 0x80, 0xf0, 0x00, 0x00, 0x00, 0x00, 0x01,
    0x81, 0x8c, 0x8c, 0x66, 0x63, 0x33, 0x19, 0x98, 0xcc, 0xc4, 0x66, 0x23, 0x31, 0x19, 0x98, 0xcc, 0xc6, 0x64, 0x03, 0x00,
    0x00, 0x00, 0x00, 0x89, 0x84, 0x4c, 0x22, 0x67, 0xdf, 0x2f, 0xf9, 0x5d, 0xca, 0xe6, 0x31, 0x31, 0x89, 0x9c, 0x4c, 0xc2,
    0x64, 0x03, 0x00, 0x00, 0x02, 0x00, 0x30, 0x1f, 0xfd, 0xff, 0xf0, 0x20, 0x03, 0x90, 0xff, 0xc4, 0x46, 0x22, 0x31, 0x11,
    0x88, 0x8c, 0x45, 0xe0, 0x20, 0x00, 0x00, 0x00, 0x18, 0x00, 0xc0, 0xff, 0xe6, 0x00, 0x30, 0x01, 0x80, 0x0c, 0x00, 0x60,
    0x03, 0x00, 0x18, 0x00, 0x80, 0x0c, 0x00, 0x00, 0x00, 0x02, 0x01, 0x18, 0x1f, 0xfe, 0xc2, 0x06, 0x10, 0x3f, 0xf9, 0x8e,
    0x0c, 0x70, 0x66, 0xc2, 0x33, 0x37, 0x0c, 0xb0, 0x20, 0x00, 0x00, 0x18, 0x1f, 0xfe, 0xc0, 0x06, 0x46, 0x3f, 0xf9, 0x91,
    0x0c, 0xf8, 0x60, 0x03, 0xff, 0x1b, 0x18, 0x8f, 0x8d, 0xff, 0x00, 0x08, 0x00, 0x00, 0x0b, 0x00, 0x48, 0xff, 0xe7, 0x18,
    0x30, 0xd1, 0xfe, 0x8c, 0xfc, 0x66, 0xe3, 0x36, 0x1f, 0x76, 0x87, 0xe4, 0x27, 0x00, 0x00, 0x27, 0xf1, 0x30, 0x9f, 0x84,
    0xef, 0xe2, 0x7f, 0x13, 0x20, 0xff, 0xfe, 0xc8, 0x27, 0xf1, 0x78, 0x9b, 0xc4, 0xd7, 0xe0, 0x00, 0x00, 0x54, 0x82, 0xac,
    0x1f, 0x61, 0xff, 0xe7, 0xfa, 0x69, 0xd0, 0xcf, 0x9f, 0x98, 0x6c, 0xc3, 0xc7, 0x0f, 0x7d, 0xc6, 0x60, 0x00, 0x00, 0x00,
    0x00, 0xc3, 0x9f, 0xf8, 0x4b, 0x02, 0xd8, 0x3f, 0xf9, 0xff, 0xe3, 0x34, 0xff, 0x21, 0xe9, 0x1f, 0xc8, 0xb6, 0x43, 0x02,
    0x00, 0x00, 0x03, 0xff, 0x81, 0x80, 0x0c, 0x07, 0xff, 0x3f, 0xfc, 0x1c, 0x01, 0xe0, 0x0d, 0x00, 0xc8, 0xcc, 0x6c, 0xc3,
    0xe0, 0x00, 0x00, 0x00, 0x01, 0xff, 0x0c, 0x18, 0x60, 0xc3, 0x06, 0x1f, 0xf0, 0xc1, 0x86, 0x0c, 0x30, 0x61, 0x83, 0x0f,
    0xf8, 0x60, 0xc0, 0x00, 0x00, 0x00, 0x63, 0xc3, 0x3e, 0xfd, 0xbf, 0xfd, 0x86, 0x7d, 0xb3, 0x6d, 0x9b, 0x3c, 0xd8, 0x67,
    0xc3, 0x30, 0x18, 0x03, 0xc0, 0x00, 0x00, 0xff, 0xf6, 0x79, 0xb3, 0xcd, 0x9f, 0xef, 0xff, 0x67, 0x9b, 0x3c, 0xd9, 0xfe,
    0xff, 0xf6, 0x31, 0x83, 0x8c, 0x18, 0xe0, 0x00, 0x00, 0x00, 0x87, 0xff, 0xb6, 0xf9, 0xb7, 0xcd, 0xff, 0x7c, 0x03, 0x7f,
    0xdb, 0xc6, 0xff, 0xf7, 0xbf, 0xb1, 0x8c, 0x0c, 0xe0, 0x10, 0x33, 0xff, 0x9a, 0x60, 0xff, 0xf1, 0x92, 0x3f, 0x90, 0x24,
    0x87, 0xfc, 0x30, 0x61, 0xff, 0x0c, 0x18, 0x7f, 0xc0, 0x3f, 0xe1, 0x03, 0x0f, 0xf8, 0x7f, 0xc3, 0xfe, 0x1f, 0xf8, 0x77,
    0x0f, 0xfe, 0x7a, 0xf3, 0x54, 0x8f, 0xf0, 0x5c, 0x40, 0x00, 0x00, 0x7f, 0xf3, 0xff, 0x80, 0xc0, 0x7f, 0xc2, 0x32, 0x1f,
    0xf0, 0x8c, 0x87, 0xfc, 0x36, 0x00, 0xf0, 0x0f, 0xf8, 0xe7, 0xe0, 0x00, 0x00, 0x3f, 0xe1, 0x03, 0x0f, 0xf8, 0x7f, 0xc3,
    0xfc, 0x7f, 0xf9, 0xf7, 0x8f, 0xbc, 0x7d, 0x63, 0x66, 0x3f, 0x7c, 0x1e, 0x60, 0x3f, 0xe1, 0x83, 0x0c, 0x18, 0x60, 0xc3,
    0xfe, 0x18, 0x30, 0xc1, 0x87, 0xfc, 0x30, 0x63, 0x03, 0x18, 0x78, 0x83, 0x80, 0x00, 0x00, 0x02, 0x00, 0x10, 0x0f, 0xfc,
    0x0e, 0x00, 0x20, 0x3f, 0xf9, 0xff, 0xc1, 0xf0, 0x1a, 0xc3, 0x93, 0x98, 0x8c, 0x04, 0x00, 0x00, 0x00, 0x43, 0x01, 0x04,
    0x1e, 0xfe, 0x78, 0x00, 0x40, 0x03, 0x9f, 0x0f, 0x6c, 0x75, 0xb1, 0x44, 0xc1, 0x33, 0x85, 0xce, 0x16, 0x18, 0x00, 0x00,
    0x2f, 0xf1, 0x6f, 0x9b, 0x48, 0xfe, 0xc6, 0xde, 0x3f, 0xfd, 0xf1, 0x8d, 0xec, 0xef, 0x61, 0x7f, 0x0a, 0x2a, 0x42, 0x60,
    0x00, 0x00, 0x3e, 0xb0, 0x05, 0x80, 0x20, 0xff, 0xf0, 0x0c, 0x06, 0x60, 0xbf, 0x05, 0xf8, 0x2c, 0xc1, 0x6a, 0xdf, 0xde,
    0xe0, 0x60, 0x00, 0xc0, 0x7e, 0x1f, 0x80, 0x0c, 0x41, 0xfe, 0x3f, 0x00, 0x18, 0xc7, 0xfe, 0x7e, 0x00, 0x30, 0x81, 0x8e,
    0x0f, 0xe0, 0x00, 0x00, 0x80, 0x0f, 0xfc, 0x60, 0x07, 0xfe, 0x60, 0x00, 0xff, 0x00, 0x08, 0x00, 0x40, 0x02, 0x00, 0x18,
    0x00, 0xf0, 0x03, 0x00, 0x03, 0x00, 0x18, 0x00, 0xc8, 0xfe, 0xe7, 0xbe, 0x0d, 0xc0, 0x6f, 0x06, 0x78, 0x33, 0x73, 0x19,
    0xd3, 0xc4, 0x1c, 0x00, 0x40, 0x03, 0xff, 0x81, 0x0c, 0x0c, 0x6e, 0x66, 0x31, 0x30, 0x0f, 0x86, 0x38, 0x31, 0xc3, 0x1f,
    0x13, 0x9c, 0x98, 0x20, 0x00, 0x00, 0x21, 0x81, 0x8c, 0x01, 0xec, 0x0f, 0x66, 0x59, 0x96, 0xc8, 0x36, 0xc2, 0x36, 0x30,
    0x61, 0x8e, 0x19, 0xe0, 0x1c, 0x00, 0x00, 0x00, 0x61, 0x83, 0xff, 0x00, 0x68, 0x1f, 0xee, 0x1a, 0x17, 0xf0, 0x06, 0x07,
    0xfe, 0x21, 0x83, 0xff, 0x90, 0x60, 0x83, 0x00, 0x00, 0x03, 0x30, 0x0d, 0xfc, 0x18, 0x00, 0xc0, 0x27, 0xf9, 0x9a, 0xc3,
    0xff, 0x35, 0xb1, 0x65, 0x9b, 0xfc, 0xc0, 0xe4, 0x0e, 0x00, 0x00, 0x00, 0x03, 0x7f, 0x8a, 0x04, 0x1d, 0xa4, 0x66, 0x36,
    0x18, 0x86, 0x01, 0xfe, 0x23, 0xc1, 0x3e, 0x1b, 0x7c, 0xb3, 0x64, 0x18, 0x00, 0x00, 0x03, 0xbf, 0x8d, 0x0c, 0x28, 0x60,
    0x7f, 0x32, 0x18, 0x9f, 0xc0, 0x68, 0x2f, 0x51, 0xbb, 0x99, 0xd8, 0xff, 0xf0, 0xff, 0x00, 0x00, 0x00, 0x10, 0x1f, 0xfc,
    0x0d, 0x06, 0x5b, 0x1f, 0xb0, 0x5f, 0x0f, 0xfe, 0x02, 0x07, 0xff, 0xc1, 0xc0, 0x04, 0x00, 0x20, 0x00, 0x00, 0x01, 0x00,
    0x18, 0xfc, 0xff, 0xed, 0xb3, 0x0d, 0x9b, 0xfc, 0xc3, 0x66, 0x1b, 0x31, 0xd9, 0x8f, 0xcc, 0xcf, 0xe4, 0x33, 0x00, 0x00,
    0x7f, 0xf3, 0xff, 0x81, 0x40, 0x0b, 0x07, 0xff, 0x32, 0x99, 0xb4, 0xcf, 0x3e, 0x60, 0x33, 0x01, 0x9f, 0xfc, 0xc0, 0x60,
    0x00, 0x00, 0x08, 0x00, 0xc7, 0x9f, 0xb4, 0xfd, 0x27, 0xeb, 0x3d, 0x71, 0xfa, 0xc3, 0x12, 0x74, 0x93, 0xfc, 0x9f, 0xbc,
    0x09, 0x00, 0x48, 0x00, 0x00, 0x00, 0x9f, 0x8d, 0xe4, 0xff, 0x61, 0xdb, 0x7f, 0xd0, 0xe6, 0x8f, 0xf6, 0xe7, 0x93, 0xfc,
    0x99, 0xfc, 0xff, 0x06, 0x78, 0x00, 0x00, 0x00, 0x01, 0xff, 0x0f, 0xe0, 0xff, 0xe7, 0xff, 0x1f, 0xf0, 0xff, 0x87, 0xfc,
    0x3f, 0xe1, 0xff, 0x0f, 0xf8, 0xff, 0xe7, 0xff, 0x00, 0x18, 0x60, 0xc7, 0x06, 0xf0, 0x3e, 0x01, 0x80, 0x3f, 0xf8, 0x6c,
    0x03, 0x20, 0x19, 0x80, 0xd7, 0x07, 0x9c, 0x30, 0x20, 0x00, 0x00, 0x00, 0x03, 0x3f, 0xcc, 0x06, 0x00, 0x36, 0x01, 0xb7,
    0xcd, 0xa2, 0x6d, 0xf3, 0x68, 0x9b, 0x44, 0xdb, 0xe6, 0xc0, 0x36, 0x03, 0x00, 0x00, 0x03, 0xff, 0x92, 0x8c, 0xb4, 0x65,
    0xa3, 0x29, 0xf9, 0x68, 0xc9, 0xc6, 0x4f, 0xf2, 0xf1, 0x91, 0x8c, 0x88, 0x64, 0x46, 0x00, 0x00, 0x00, 0x83, 0xcc, 0x16,
    0x60, 0xbf, 0xf5, 0xb0, 0x29, 0x61, 0x7b, 0x09, 0x7e, 0x48, 0xc3, 0xc6, 0x15, 0xfe, 0x81, 0x84, 0x0c, 0x00, 0x00, 0x03,
    0xc8, 0x16, 0xf8, 0xbe, 0xc5, 0x7c, 0x38, 0xe1, 0x7d, 0xc9, 0x9a, 0x4f, 0xf3, 0xe4, 0x11, 0xfc, 0x81, 0x84, 0x08, 0x00,
    0xff, 0xf7, 0xff, 0x80, 0x80, 0x0c, 0x07, 0xff, 0x21, 0x19, 0xfb, 0xc9, 0xc6, 0x73, 0xb2, 0xf7, 0x90, 0x8c, 0x85, 0xe0,
    0x00, 0x00, 0x3f, 0xe0, 0x38, 0x1f, 0xfc, 0xbd, 0xa5, 0xfd, 0x1f, 0xf0, 0x08, 0x07, 0xfc, 0x00, 0x61, 0xff, 0x00, 0x18,
    0x7f, 0xc0, 0x3f, 0xe0, 0x38, 0x1f, 0xfc, 0xbf, 0xe5, 0xff, 0x1f, 0xe0, 0x18, 0x07, 0xfc, 0x37, 0x61, 0xff, 0x0f, 0xf8,
    0x7f, 0xc0, 0x00, 0x00, 0x3f, 0xe1, 0xff, 0x1f, 0xfc, 0xff, 0xe1, 0xac, 0x0d, 0x00, 0xff, 0xcf, 0xe6, 0x7f, 0x61, 0xff,
    0x0c, 0x06, 0x3f, 0xe0, 0x3f, 0xe3, 0xff, 0x9f, 0xfc, 0xf7, 0xe1, 0xbc, 0x0f, 0xf1, 0xe3, 0x0f, 0xfe, 0x72, 0x13, 0xff,
    0x03, 0x18, 0xe3, 0x80, 0x00, 0x00, 0x7f, 0xe3, 0x83, 0x18, 0x58, 0xf2, 0xc6, 0xf6, 0x33, 0x31, 0x99, 0x8c, 0xec, 0x6d,
    0xe3, 0xcf, 0xb0, 0x0d, 0x80, 0x60, 0x00, 0x00, 0x00, 0x00, 0x10, 0x1f, 0xfc, 0xff, 0xe3, 0xfe, 0x18, 0x30, 0xff, 0x8f,
    0xfe, 0x7f, 0xf3, 0xfd, 0x9e, 0x2c, 0xff, 0x66, 0x87, 0x00, 0x00, 0x01, 0x80, 0x0c, 0x00, 0x00, 0x00, 0x00, 0x00, 0x00,
    0x00, 0x06, 0x00, 0x30, 0x00, 0x00, 0x00
};
static const UiGlyph glyphs13[] = {
    {0x20, 0, 3, 0, 3, 0, 13},
    {0x21, 0, 4, 10, 4, 0, 3},
    {0x22, 5, 7, 11, 7, 0, 2},
    {0x23, 15, 8, 10, 8, 0, 3},
    {0x24, 25, 8, 14, 8, 0, 1},
    {0x25, 39, 13, 10, 13, 0, 3},
    {0x26, 56, 10, 10, 10, 0, 3},
    {0x27, 69, 4, 11, 4, 0, 2},
    {0x28, 75, 5, 15, 5, 0, 1},
    {0x29, 85, 5, 15, 5, 0, 1},
    {0x2a, 95, 6, 11, 6, 0, 2},
    {0x2b, 104, 9, 9, 9, 0, 4},
    {0x2c, 115, 4, 6, 4, 0, 10},
    {0x2d, 118, 6, 5, 6, 0, 8},
    {0x2e, 122, 4, 3, 4, 0, 10},
    {0x2f, 124, 5, 14, 5, 0, 2},
    {0x30, 133, 8, 10, 8, 0, 3},
    {0x31, 143, 8, 10, 8, 0, 3},
    {0x32, 153, 8, 10, 8, 0, 3},
    {0x33, 163, 8, 10, 8, 0, 3},
    {0x34, 173, 8, 10, 8, 0, 3},
    {0x35, 183, 8, 10, 8, 0, 3},
    {0x36, 193, 8, 10, 8, 0, 3},
    {0x37, 203, 8, 10, 8, 0, 3},
    {0x38, 213, 8, 10, 8, 0, 3},
    {0x39, 223, 8, 10, 8, 0, 3},
    {0x3a, 233, 4, 8, 4, 0, 5},
    {0x3b, 237, 4, 11, 4, 0, 5},
    {0x3c, 243, 8, 9, 8, 0, 4},
    {0x3d, 252, 9, 8, 9, 0, 5},
    {0x3e, 261, 8, 9, 8, 0, 4},
    {0x3f, 270, 7, 10, 7, 0, 3},
    {0x40, 279, 13, 14, 13, 0, 3},
    {0x41, 302, 9, 10, 9, 0, 3},
    {0x42, 314, 9, 10, 9, 0, 3},
    {0x43, 326, 9, 10, 9, 0, 3},
    {0x44, 338, 9, 10, 9, 0, 3},
    {0x45, 350, 8, 10, 8, 0, 3},
    {0x46, 360, 8, 10, 8, 0, 3},
    {0x47, 370, 10, 10, 10, 0, 3},
    {0x48, 383, 9, 10, 9, 0, 3},
    {0x49, 395, 4, 10, 4, 0, 3},
    {0x4a, 400, 8, 10, 7, -1, 3},
    {0x4b, 410, 9, 10, 9, 0, 3},
    {0x4c, 422, 7, 10, 7, 0, 3},
    {0x4d, 431, 11, 10, 11, 0, 3},
    {0x4e, 445, 9, 10, 9, 0, 3},
    {0x4f, 457, 10, 10, 10, 0, 3},
    {0x50, 470, 8, 10, 8, 0, 3},
    {0x51, 480, 11, 13, 10, 0, 3},
    {0x52, 498, 9, 10, 8, 0, 3},
    {0x53, 510, 8, 10, 8, 0, 3},
    {0x54, 520, 9, 10, 9, 0, 3},
    {0x55, 532, 9, 10, 9, 0, 3},
    {0x56, 544, 9, 10, 8, -1, 3},
    {0x57, 556, 12, 10, 12, 0, 3},
    {0x58, 571, 8, 10, 8, 0, 3},
    {0x59, 581, 8, 10, 8, 0, 3},
    {0x5a, 591, 9, 10, 9, 0, 3},
    {0x5b, 603, 5, 15, 5, 0, 2},
    {0x5c, 613, 5, 14, 5, 0, 2},
    {0x5d, 622, 5, 15, 5, 0, 2},
    {0x5e, 632, 8, 10, 8, 0, 3},
    {0x5f, 642, 9, 2, 9, 0, 13},
    {0x60, 645, 8, 13, 8, 0, 0},
    {0x61, 658, 8, 8, 8, 0, 5},
    {0x62, 666, 8, 11, 8, 0, 2},
    {0x63, 677, 7, 8, 7, 0, 5},
    {0x64, 684, 9, 11, 9, 0, 2},
    {0x65, 697, 8, 8, 8, 0, 5},
    {0x66, 705, 5, 11, 4, 0, 2},
    {0x67, 712, 8, 11, 8, 0, 5},
    {0x68, 723, 8, 11, 8, 0, 2},
    {0x69, 734, 4, 11, 4, 0, 2},
    {0x6a, 740, 5, 14, 4, -1, 2},
    {0x6b, 749, 8, 11, 8, 0, 2},
    {0x6c, 760, 4, 11, 4, 0, 2},
    {0x6d, 766, 12, 8, 12, 0, 5},
    {0x6e, 778, 8, 8, 8, 0, 5},
    {0x6f, 786, 9, 8, 9, 0, 5},
    {0x70, 795, 8, 11, 8, 0, 5},
    {0x71, 806, 9, 11, 9, 0, 5},
    {0x72, 819, 6, 9, 5, 0, 4},
    {0x73, 826, 7, 8, 7, 0, 5},
    {0x74, 833, 7, 10, 7, 0, 3},
    {0x75, 842, 8, 8, 8, 0, 5},
    {0x76, 850, 8, 8, 7, 0, 5},
    {0x77, 858, 11, 8, 11, 0, 5},
    {0x78, 869, 7, 8, 7, 0, 5},
    {0x79, 876, 8, 11, 7, 0, 5},
    {0x7a, 887, 7, 8, 7, 0, 5},
    {0x7b, 894, 5, 15, 5, 0, 2},
    {0x7c, 904, 4, 16, 4, 0, 1},
    {0x7d, 912, 5, 15, 5, 0, 2},
    {0x7e, 922, 8, 7, 8, 0, 6},
    {0xb0, 929, 6, 12, 6, 0, 1},
    {0x2026, 938, 12, 7, 12, 0, 6},
    {0x2103, 949, 13, 11, 13, 0, 2},
    {0x4e00, 967, 13, 6, 13, 0, 7},
    {0x4e03, 977, 13, 12, 13, 0, 2},
    {0x4e09, 997, 13, 11, 13, 0, 3},
    {0x4e0a, 1015, 13, 12, 13, 0, 2},
    {0x4e1c, 1035, 13, 12, 13, 0, 2},
    {0x4e8c, 1055, 13, 9, 13, 0, 4},
    {0x4e91, 1070, 13, 13, 13, 0, 2},
    {0x4e94, 1092, 13, 11, 13, 0, 3},
    {0x4eac, 1110, 13, 13, 13, 0, 2},
    {0x4eca, 1132, 14, 13, 13, -1, 2},
    {0x4f4e, 1155, 13, 13, 13, 0, 2},
    {0x516d, 1177, 13, 13, 13, 0, 2},
    {0x51b0, 1199, 14, 12, 13, -1, 2},
    {0x51bb, 1220, 13, 12, 13, 0, 2},
    {0x5317, 1240, 14, 14, 13, 0, 1},
    {0x533a, 1265, 13, 12, 13, 0, 2},
    {0x5357, 1285, 13, 12, 13, 0, 2},
    {0x538b, 1305, 13, 13, 13, 0, 2},
    {0x5468, 1327, 13, 13, 13, 0, 2},
    {0x56db, 1349, 13, 12, 13, 0, 2},
    {0x5733, 1369, 13, 13, 13, 0, 2},
    {0x591a, 1391, 13, 14, 13, 0, 1},
    {0x5929, 1414, 13, 13, 13, 0, 2},
    {0x5b89, 1436, 13, 12, 13, 0, 2},
    {0x5c11, 1456, 13, 13, 13, 0, 2},
    {0x5ddd, 1478, 13, 14, 13, 0, 1},
    {0x5dde, 1501, 13, 14, 13, 0, 1},
    {0x5e02, 1524, 13, 13, 13, 0, 1},
    {0x5e7f, 1546, 13, 14, 13, 0, 1},
    {0x5e86, 1569, 13, 12, 13, 0, 2},
    {0x5ea6, 1589, 13, 14, 13, 0, 1},
    {0x6210, 1612, 13, 14, 13, 0, 1},
    {0x636e, 1635, 13, 13, 13, 0, 2},
    {0x6570, 1657, 13, 13, 13, 0, 2},
    {0x65b0, 1679, 13, 13, 13, 0, 1},
    {0x65e0, 1701, 13, 13, 13, 0, 2},
    {0x65e5, 1723, 13, 13, 13, 0, 2},
    {0x65f6, 1745, 13, 13, 13, 0, 2},
    {0x660e, 1767, 13, 13, 13, 0, 2},
    {0x6674, 1789, 13, 12, 13, 0, 2},
    {0x6682, 1809, 13, 12, 13, 0, 2},
    {0x66b4, 1829, 13, 13, 13, 0, 2},
    {0x66f4, 1851, 13, 13, 13, 0, 2},
    {0x6700, 1873, 13, 12, 13, 0, 2},
    {0x6708, 1893, 13, 13, 13, 0, 2},
    {0x672a, 1915, 13, 12, 13, 0, 2},
    {0x676d, 1935, 14, 14, 13, -1, 1},
    {0x6982, 1960, 13, 13, 13, 0, 2},
    {0x6b66, 1982, 13, 12, 13, 0, 2},
    {0x6bdb, 2002, 13, 12, 13, 0, 2},
    {0x6c14, 2022, 13, 13, 13, 0, 1},
    {0x6c34, 2044, 13, 12, 13, 0, 2},
    {0x6c49, 2064, 13, 13, 13, 0, 2},
    {0x6c99, 2086, 13, 13, 13, 0, 2},
    {0x6d25, 2108, 13, 12, 13, 0, 2},
    {0x6d77, 2128, 13, 14, 13, 0, 1},
    {0x6df1, 2151, 13, 13, 13, 0, 1},
    {0x6e7f, 2173, 13, 13, 13, 0, 1},
    {0x7387, 2195, 13, 13, 13, 0, 1},
    {0x77e5, 2217, 13, 14, 13, 0, 1},
    {0x897f, 2240, 13, 13, 13, 0, 2},
    {0x90eb, 2262, 13, 13, 13, 0, 1},
    {0x90fd, 2284, 13, 14, 13, 0, 1},
    {0x91cd, 2307, 13, 13, 13, 0, 1},
    {0x957f, 2329, 13, 13, 13, 0, 2},
    {0x95f4, 2351, 13, 13, 13, 0, 1},
    {0x9634, 2373, 13, 14, 13, 0, 1},
    {0x9635, 2396, 13, 13, 13, 0, 1},
    {0x964d, 2418, 13, 13, 13, 0, 1},
    {0x96e8, 2440, 13, 13, 13, 0, 2},
    {0x96ea, 2462, 13, 12, 13, 0, 2},
    {0x96f7, 2482, 13, 13, 13, 0, 2},
    {0x96f9, 2504, 13, 12, 13, 0, 2},
    {0x96fe, 2524, 13, 13, 13, 0, 2},
    {0x98ce, 2546, 13, 13, 13, 0, 2},
    {0x9ad8, 2568, 13, 13, 13, 0, 1},
    {0xff1a, 2590, 13, 10, 13, 0, 4},
};
const UiFont WeatherSans13 = {glyphs13, bitmap13, 175, 17};

static const uint8_t bitmap16[] = {
    0x63, 0x18, 0xc6, 0x31, 0x8c, 0x03, 0x18, 0xc0, 0x66, 0x66, 0x66, 0x66, 0x66, 0x00, 0x00, 0x00, 0x00, 0x00, 0x00, 0x00,
    0x00, 0x19, 0x04, 0x41, 0x31, 0xfe, 0x7f, 0x8c, 0xc3, 0x31, 0xfe, 0x7f, 0x88, 0x82, 0x60, 0x98, 0x08, 0x04, 0x0f, 0x8f,
    0xe7, 0x23, 0x01, 0xc0, 0x78, 0x1e, 0x03, 0x80, 0xc8, 0x67, 0xf1, 0xf0, 0x20, 0x10, 0x3c, 0x30, 0x6c, 0x20, 0x66, 0x60,
    0x66, 0x40, 0x66, 0x80, 0x6c, 0x9c, 0x3d, 0x36, 0x01, 0x26, 0x02, 0x26, 0x06, 0x26, 0x04, 0x36, 0x0c, 0x1c, 0x1e, 0x03,
    0xf0, 0x33, 0x03, 0x30, 0x3e, 0x01, 0xc2, 0x3c, 0x67, 0xe6, 0x67, 0xc7, 0x3c, 0x7f, 0xf3, 0xe7, 0x63, 0x18, 0xc6, 0x00,
    0x00, 0x00, 0x00, 0x00, 0x00, 0x00, 0x61, 0x8c, 0x31, 0xc6, 0x18, 0x61, 0x86, 0x18, 0x70, 0xc3, 0x06, 0x18, 0x00, 0x00,
    0xc1, 0x81, 0x83, 0x07, 0x06, 0x0c, 0x18, 0x30, 0x60, 0xc3, 0x86, 0x0c, 0x38, 0x60, 0x00, 0x18, 0x18, 0x7e, 0x3c, 0x3c,
    0x24, 0x00, 0x00, 0x00, 0x00, 0x00, 0x00, 0x00, 0x0c, 0x03, 0x00, 0xc1, 0xfe, 0x7f, 0x83, 0x00, 0xc0, 0x30, 0x00, 0x00,
    0x00, 0x23, 0x8c, 0x23, 0x30, 0x00, 0x79, 0xe0, 0x00, 0x00, 0x00, 0x66, 0x60, 0x0c, 0x30, 0x86, 0x18, 0x41, 0x0c, 0x30,
    0x86, 0x18, 0x61, 0x0c, 0x00, 0x1e, 0x1f, 0x9c, 0xee, 0x76, 0x1b, 0x0d, 0x86, 0xc3, 0x73, 0x99, 0xcf, 0xc3, 0xc0, 0x1c,
    0x3e, 0x07, 0x01, 0x80, 0xc0, 0x60, 0x30, 0x18, 0x0c, 0x06, 0x1f, 0xcf, 0xe0, 0x3e, 0x3f, 0x99, 0xc0, 0x60, 0x30, 0x38,
    0x18, 0x1c, 0x1c, 0x1c, 0x1f, 0xef, 0xf0, 0x3e, 0x3f, 0x80, 0xc0, 0x60, 0x70, 0xf0, 0x78, 0x0e, 0x03, 0x21, 0x9f, 0xc7,
    0xc0, 0x07, 0x03, 0xc0, 0xf0, 0x6c, 0x1b, 0x0c, 0xc3, 0x31, 0xfe, 0x7f, 0xc0, 0xc0, 0x30, 0x0c, 0x3f, 0x1f, 0x8c, 0x06,
    0x03, 0xe1, 0xf8, 0x0e, 0x03, 0x01, 0xb1, 0xdf, 0xc7, 0xc0, 0x1f, 0x1f, 0xcc, 0x0e, 0x06, 0x63, 0xf9, 0xce, 0xc3, 0x71,
    0x99, 0xcf, 0xc3, 0xc0, 0x7f, 0xbf, 0xc0, 0xc0, 0xc0, 0x60, 0x60, 0x30, 0x38, 0x18, 0x0c, 0x06, 0x03, 0x00, 0x3e, 0x3f,
    0x99, 0xcc, 0x67, 0x30, 0xf0, 0xf8, 0xce, 0x63, 0x39, 0x9f, 0xc7, 0xc0, 0x1e, 0x1f, 0x9c, 0xec, 0x76, 0x1b, 0x9c, 0xfe,
    0x33, 0x03, 0x81, 0x9f, 0xc7, 0xc0, 0x66, 0x60, 0x00, 0x66, 0x60, 0x63, 0x18, 0x00, 0x01, 0x8e, 0x70, 0x8c, 0xc0, 0x00,
    0x00, 0x81, 0xe1, 0xf1, 0xe0, 0x78, 0x0f, 0x80, 0x78, 0x02, 0x00, 0x00, 0x00, 0x7f, 0x9f, 0xe0, 0x00, 0x00, 0x7f, 0x9f,
    0xe0, 0x00, 0x00, 0x00, 0x00, 0x40, 0x1e, 0x03, 0xe0, 0x1e, 0x07, 0x87, 0xc7, 0x81, 0x00, 0x00, 0x00, 0x00, 0x3c, 0xfe,
    0x06, 0x06, 0x0c, 0x18, 0x30, 0x30, 0x00, 0x30, 0x30, 0x30, 0x03, 0xf0, 0x0f, 0xf8, 0x1c, 0x0c, 0x30, 0x06, 0x21, 0xa6,
    0x67, 0xe2, 0x4e, 0x62, 0x4c, 0x62, 0x4c, 0x66, 0x4c, 0xec, 0x67, 0x78, 0x60, 0x00, 0x38, 0x00, 0x1f, 0xe0, 0x07, 0xc0,
    0x0f, 0x00, 0xf0, 0x0f, 0x01, 0xf8, 0x19, 0x81, 0x98, 0x39, 0xc3, 0xfc, 0x3f, 0xc7, 0x0e, 0x60, 0x66, 0x06, 0x7f, 0x0f,
    0xf1, 0x8e, 0x30, 0xc6, 0x38, 0xfe, 0x1f, 0xe3, 0x0e, 0x60, 0xcc, 0x39, 0xfe, 0x3f, 0x80, 0x0f, 0x83, 0xf8, 0xe2, 0x38,
    0x06, 0x00, 0xc0, 0x18, 0x03, 0x00, 0x70, 0x07, 0x10, 0x7f, 0x07, 0xc0, 0x7e, 0x0f, 0xf1, 0x8e, 0x30, 0xe6, 0x0c, 0xc1,
    0x98, 0x33, 0x06, 0x61, 0xcc, 0x71, 0xfe, 0x3f, 0x00, 0x7f, 0x3f, 0x98, 0x0c, 0x06, 0x03, 0xf9, 0xf8, 0xc0, 0x60, 0x30,
    0x1f, 0xcf, 0xe0, 0x7f, 0x3f, 0x98, 0x0c, 0x06, 0x03, 0xf1, 0xfc, 0xc0, 0x60, 0x30, 0x18, 0x0c, 0x00, 0x0f, 0x83, 0xf8,
    0xe2, 0x38, 0x06, 0x00, 0xc7, 0x98, 0xf3, 0x06, 0x70, 0xc6, 0x18, 0x7f, 0x07, 0xc0, 0x60, 0xc6, 0x0c, 0x60, 0xc6, 0x0c,
    0x60, 0xc7, 0xfc, 0x7f, 0xc6, 0x0c, 0x60, 0xc6, 0x0c, 0x60, 0xc6, 0x0c, 0x63, 0x18, 0xc6, 0x31, 0x8c, 0x63, 0x18, 0xc0,
    0x06, 0x03, 0x01, 0x80, 0xc0, 0x60, 0x30, 0x18, 0x0c, 0x06, 0x23, 0x3f, 0x8f, 0x80, 0x61, 0x8c, 0x71, 0x9c, 0x33, 0x06,
    0xc0, 0xfc, 0x1f, 0x83, 0xb8, 0x63, 0x0c, 0x71, 0x87, 0x30, 0x60, 0x60, 0x30, 0x18, 0x0c, 0x06, 0x03, 0x01, 0x80, 0xc0,
    0x60, 0x30, 0x1f, 0xcf, 0xe0, 0x70, 0x71, 0xc1, 0xc7, 0x87, 0x1e, 0x3c, 0x78, 0xf1, 0xb6, 0xc6, 0xdb, 0x19, 0xec, 0x67,
    0x31, 0x9c, 0xc6, 0x23, 0x18, 0x0c, 0x70, 0xc7, 0x0c, 0x78, 0xc7, 0x8c, 0x6c, 0xc6, 0xcc, 0x66, 0xc6, 0x6c, 0x63, 0xc6,
    0x3c, 0x61, 0xc6, 0x1c, 0x0f, 0x03, 0xfc, 0x30, 0xc7, 0x0e, 0x60, 0x66, 0x06, 0x60, 0x66, 0x06, 0x70, 0xe3, 0x0c, 0x3f,
    0xc0, 0xf0, 0x7e, 0x1f, 0xe6, 0x39, 0x86, 0x61, 0x98, 0xe7, 0xf1, 0xf8, 0x60, 0x18, 0x06, 0x01, 0x80, 0x0f, 0x03, 0xfc,
    0x30, 0xc7, 0x0e, 0x60, 0x66, 0x06, 0x60, 0x66, 0x06, 0x70, 0xe3, 0x0c, 0x3f, 0xc0, 0xf0, 0x07, 0x00, 0x3e, 0x01, 0xf0,
    0x7f, 0x1f, 0xe6, 0x19, 0x86, 0x61, 0x98, 0xe7, 0xf1, 0xf8, 0x67, 0x18, 0xc6, 0x39, 0x86, 0x1e, 0x0f, 0xc6, 0x11, 0x80,
    0x78, 0x0f, 0x81, 0xf0, 0x0e, 0x01, 0x98, 0xe7, 0xf0, 0xf8, 0x7f, 0xcf, 0xf8, 0x30, 0x06, 0x00, 0xc0, 0x18, 0x03, 0x00,
    0x60, 0x0c, 0x01, 0x80, 0x30, 0x06, 0x00, 0x60, 0xcc, 0x19, 0x83, 0x30, 0x66, 0x0c, 0xc1, 0x98, 0x33, 0x06, 0x60, 0xce,
    0x38, 0xfe, 0x0f, 0x80, 0x60, 0xee, 0x18, 0xc3, 0x18, 0x63, 0x9c, 0x73, 0x06, 0x60, 0xdc, 0x1f, 0x01, 0xe0, 0x3c, 0x07,
    0x00, 0xe3, 0x0c, 0xc7, 0x19, 0x8e, 0x33, 0x3c, 0xe6, 0x79, 0x8e, 0xdb, 0x1d, 0xb6, 0x1a, 0x6c, 0x3c, 0xf8, 0x78, 0xe0,
    0xf1, 0xc1, 0xc3, 0x80, 0x61, 0x9c, 0xe3, 0x30, 0xfc, 0x1e, 0x07, 0x81, 0xe0, 0x78, 0x37, 0x1c, 0xc6, 0x3b, 0x86, 0x61,
    0xd8, 0x63, 0x38, 0xcc, 0x3b, 0x07, 0x81, 0xe0, 0x30, 0x0c, 0x03, 0x00, 0xc0, 0x30, 0x7f, 0x9f, 0xe0, 0x30, 0x1c, 0x06,
    0x03, 0x01, 0xc0, 0x60, 0x30, 0x0c, 0x07, 0xf9, 0xfe, 0x3c, 0x78, 0xc1, 0x83, 0x06, 0x0c, 0x18, 0x30, 0x60, 0xc1, 0x83,
    0x06, 0x0f, 0x1e, 0xc0, 0x81, 0x83, 0x06, 0x04, 0x0c, 0x18, 0x10, 0x20, 0x60, 0xc0, 0x81, 0x83, 0x02, 0x78, 0xf0, 0x60,
    0xc1, 0x83, 0x06, 0x0c, 0x18, 0x30, 0x60, 0xc1, 0x83, 0x1e, 0x3c, 0x1c, 0x0e, 0x07, 0x86, 0xc3, 0x63, 0x19, 0x8c, 0x00,
    0x00, 0x00, 0x00, 0x00, 0x00, 0x7f, 0xcf, 0xf8, 0x00, 0x0c, 0x03, 0x80, 0x70, 0x00, 0x00, 0x00, 0x00, 0x00, 0x00, 0x00,
    0x00, 0x00, 0x00, 0x00, 0x00, 0x00, 0x00, 0x3e, 0x3f, 0x80, 0xc1, 0xe3, 0xf3, 0x99, 0x8c, 0xfe, 0x3b, 0x00, 0x60, 0x18,
    0x06, 0x01, 0x80, 0x6f, 0x1f, 0xe7, 0x39, 0x86, 0x61, 0x98, 0x66, 0x39, 0xfc, 0x6e, 0x00, 0x1e, 0x1f, 0x9c, 0x0c, 0x06,
    0x03, 0x01, 0xc0, 0x7e, 0x1e, 0x00, 0x01, 0x80, 0x60, 0x18, 0x06, 0x1d, 0x8f, 0xe7, 0x19, 0x86, 0x61, 0x98, 0x67, 0x18,
    0xfe, 0x1d, 0x80, 0x1e, 0x0f, 0xc7, 0x19, 0xfe, 0x7f, 0x98, 0x07, 0x00, 0xfe, 0x1f, 0x00, 0x1e, 0x7c, 0xc1, 0x87, 0xcf,
    0x8c, 0x18, 0x30, 0x60, 0xc1, 0x83, 0x00, 0x3f, 0x9f, 0xe6, 0x31, 0xcc, 0x3f, 0x0f, 0x06, 0x01, 0xfc, 0x3f, 0x98, 0x67,
    0xf8, 0xfc, 0x60, 0x18, 0x06, 0x01, 0x80, 0x6f, 0x1f, 0xe7, 0x19, 0x86, 0x61, 0x98, 0x66, 0x19, 0x86, 0x61, 0x80, 0x66,
    0x00, 0x66, 0x66, 0x66, 0x66, 0x60, 0x18, 0x60, 0x00, 0x18, 0x61, 0x86, 0x18, 0x61, 0x86, 0x18, 0x67, 0x9c, 0x60, 0x18,
    0x06, 0x01, 0x80, 0x63, 0x19, 0xc6, 0xe1, 0xf0, 0x7c, 0x1f, 0x86, 0x71, 0x8c, 0x63, 0x80, 0x63, 0x18, 0xc6, 0x31, 0x8c,
    0x63, 0x18, 0xe3, 0x00, 0x6e, 0x71, 0xff, 0xe7, 0x39, 0x98, 0xc6, 0x63, 0x19, 0x8c, 0x66, 0x31, 0x98, 0xc6, 0x63, 0x18,
    0x6f, 0x1f, 0xe7, 0x19, 0x86, 0x61, 0x98, 0x66, 0x19, 0x86, 0x61, 0x80, 0x1e, 0x0f, 0xc7, 0x39, 0x86, 0x61, 0x98, 0x67,
    0x38, 0xfc, 0x1e, 0x00, 0x6f, 0x1f, 0xe7, 0x39, 0x86, 0x61, 0x98, 0x66, 0x39, 0xfc, 0x7e, 0x18, 0x06, 0x01, 0x80, 0x1f,
    0x8f, 0xe7, 0x19, 0x86, 0x61, 0x98, 0x67, 0x18, 0xfe, 0x1d, 0x80, 0x60, 0x18, 0x06, 0x00, 0xdd, 0xf3, 0x86, 0x0c, 0x18,
    0x30, 0x60, 0xc0, 0x3c, 0x7e, 0x60, 0x70, 0x3c, 0x0e, 0x06, 0x7e, 0x3c, 0x10, 0x30, 0x30, 0x7e, 0x7e, 0x30, 0x30, 0x30,
    0x30, 0x30, 0x3e, 0x1e, 0x63, 0x31, 0x98, 0xcc, 0x66, 0x33, 0x19, 0x9c, 0xfe, 0x3b, 0x00, 0xe3, 0xb1, 0x98, 0xce, 0x63,
    0x61, 0xb0, 0xf8, 0x38, 0x1c, 0x00, 0xe3, 0x19, 0x9c, 0x66, 0x7b, 0x99, 0xec, 0x75, 0xb0, 0xf6, 0xc3, 0xcf, 0x0f, 0x38,
    0x18, 0xe0, 0x63, 0x3b, 0x0d, 0x87, 0x81, 0xc1, 0xe0, 0xd8, 0xce, 0xe3, 0x00, 0xe3, 0xb1, 0x98, 0xc6, 0xe3, 0x61, 0xb0,
    0x78, 0x38, 0x0c, 0x0c, 0x1e, 0x0e, 0x00, 0x3f, 0x1f, 0x81, 0x81, 0xc1, 0xc0, 0xc0, 0xe0, 0xfe, 0x7f, 0x00, 0x18, 0xc3,
    0x0c, 0x30, 0xc3, 0x3c, 0x70, 0xc3, 0x0c, 0x30, 0xc3, 0x80, 0x21, 0x08, 0x42, 0x10, 0x84, 0x21, 0x08, 0x42, 0x10, 0x84,
    0x21, 0x00, 0xf0, 0xc3, 0x0c, 0x30, 0xc3, 0x06, 0x38, 0xc3, 0x0c, 0x30, 0xcf, 0x00, 0x39, 0x3f, 0xd1, 0xc0, 0x00, 0x00,
    0x00, 0x00, 0x38, 0xd9, 0x13, 0x63, 0x80, 0x00, 0x00, 0x00, 0x00, 0x00, 0x00, 0x00, 0x00, 0x61, 0x86, 0x61, 0x86, 0x00,
    0x00, 0x00, 0x00, 0x00, 0x00, 0x00, 0x00, 0x00, 0x00, 0x00, 0x00, 0x3c, 0x1f, 0x13, 0x1f, 0xc8, 0x9c, 0x46, 0xdc, 0x01,
    0xce, 0x00, 0x06, 0x00, 0x03, 0x00, 0x01, 0xc0, 0x00, 0xe0, 0x00, 0x38, 0x80, 0x0f, 0xe0, 0x03, 0xe0, 0x7f, 0xff, 0x7f,
    0xff, 0x00, 0x00, 0x00, 0x00, 0x00, 0x00, 0x00, 0x00, 0x00, 0x00, 0x06, 0x00, 0x06, 0x00, 0x06, 0x00, 0x06, 0x00, 0x06,
    0xfe, 0x3f, 0xfe, 0x7f, 0x00, 0x06, 0x00, 0x06, 0x00, 0x06, 0x04, 0x06, 0x06, 0x06, 0x06, 0x07, 0xfc, 0x03, 0xfc, 0x3f,
    0xfc, 0x3f, 0xfc, 0x00, 0x00, 0x00, 0x00, 0x00, 0x00, 0x1f, 0xf8, 0x1f, 0xf8, 0x00, 0x00, 0x00, 0x00, 0x00, 0x00, 0x7f,
    0xfe, 0x7f, 0xfe, 0x03, 0x00, 0x03, 0x00, 0x03, 0x00, 0x03, 0x00, 0x03, 0x00, 0x03, 0xfc, 0x03, 0xfc, 0x03, 0x00, 0x03,
    0x00, 0x03, 0x00, 0x03, 0x00, 0x03, 0x00, 0x03, 0x00, 0xff, 0xfe, 0xff, 0xfe, 0x03, 0x00, 0x03, 0x00, 0x7f, 0xfe, 0x7f,
    0xfe, 0x0e, 0x00, 0x0c, 0xc0, 0x18, 0xc0, 0x3f, 0xfc, 0x3f, 0xfc, 0x00, 0xc0, 0x18, 0xd8, 0x18, 0xdc, 0x30, 0xce, 0x73,
    0xc6, 0x03, 0x80, 0x3f, 0xfc, 0x3f, 0xfc, 0x00, 0x00, 0x00, 0x00, 0x00, 0x00, 0x00, 0x00, 0x00, 0x00, 0x00, 0x00, 0x00,
    0x00, 0x7f, 0xfe, 0x7f, 0xfe, 0x1f, 0xfc, 0x3f, 0xfc, 0x00, 0x00, 0x00, 0x00, 0x00, 0x00, 0x7f, 0xfe, 0x7f, 0xfe, 0x06,
    0x00, 0x0e, 0x30, 0x0c, 0x38, 0x18, 0x18, 0x3f, 0xfc, 0x3f, 0xfc, 0x38, 0x06, 0x00, 0x00, 0x3f, 0xfc, 0x3f, 0xfc, 0x03,
    0x00, 0x03, 0x00, 0x1f, 0xf8, 0x1f, 0xf8, 0x06, 0x38, 0x06, 0x30, 0x06, 0x30, 0x06, 0x30, 0x06, 0x30, 0x7f, 0xfe, 0x7f,
    0xfe, 0x01, 0x00, 0x01, 0x80, 0x7f, 0xfe, 0x7f, 0xfe, 0x00, 0x00, 0x1f, 0xf8, 0x1f, 0xf8, 0x18, 0x18, 0x1f, 0xf8, 0x1f,
    0xf8, 0x01, 0x80, 0x19, 0x98, 0x31, 0x8c, 0x67, 0x86, 0x07, 0x80, 0x00, 0x00, 0x01, 0x00, 0x00, 0xc0, 0x00, 0xf0, 0x01,
    0xce, 0x01, 0xc3, 0x83, 0xdc, 0xf1, 0xc7, 0x1c, 0x01, 0x80, 0x3f, 0xfc, 0x1f, 0xfe, 0x00, 0x0e, 0x00, 0x0e, 0x00, 0x07,
    0x00, 0x07, 0x00, 0x07, 0x00, 0x00, 0x00, 0x00, 0x04, 0x18, 0x7e, 0x1b, 0xf8, 0x33, 0x30, 0x33, 0x30, 0x73, 0x30, 0xf3,
    0xfe, 0xf3, 0xff, 0x33, 0x18, 0x33, 0x18, 0x33, 0x18, 0x33, 0x7a, 0x33, 0x6f, 0x37, 0xef, 0x37, 0x26, 0x00, 0x00, 0x01,
    0x00, 0x01, 0x80, 0x01, 0x80, 0x01, 0x80, 0x7f, 0xfe, 0x7f, 0xfe, 0x00, 0x00, 0x00, 0x00, 0x0e, 0x70, 0x0c, 0x30, 0x18,
    0x18, 0x38, 0x1c, 0x30, 0x0e, 0x70, 0x06, 0x20, 0x04, 0x00, 0x60, 0x40, 0x60, 0x70, 0x60, 0x30, 0x66, 0x1f, 0xe6, 0x0f,
    0xfc, 0x03, 0x78, 0x03, 0x78, 0x33, 0x78, 0x36, 0x6c, 0x66, 0x6c, 0x6c, 0x67, 0x48, 0x62, 0x01, 0xe0, 0x01, 0xc0, 0x00,
    0x80, 0x41, 0xc0, 0x6f, 0xfe, 0x6f, 0xfe, 0x31, 0x80, 0x23, 0x60, 0x03, 0x60, 0x07, 0xfc, 0x07, 0xfe, 0x30, 0x60, 0x33,
    0x6c, 0x67, 0x6c, 0x6e, 0x66, 0xcc, 0xe6, 0x00, 0xe0, 0x00, 0x00, 0x06, 0x60, 0x06, 0x60, 0x06, 0x60, 0x06, 0x66, 0x7e,
    0x6e, 0x7e, 0x7c, 0x06, 0x78, 0x06, 0x60, 0x06, 0x60, 0x06, 0x60, 0x1e, 0x62, 0x7e, 0x63, 0x66, 0x63, 0x06, 0x7e, 0x06,
    0x3e, 0x00, 0x00, 0x7f, 0xfe, 0x7f, 0xfe, 0x60, 0x10, 0x6c, 0x18, 0x67, 0x30, 0x63, 0xe0, 0x61, 0xe0, 0x61, 0xe0, 0x63,
    0xf0, 0x6f, 0x38, 0x6c, 0x18, 0x60, 0x00, 0x7f, 0xfe, 0x7f, 0xfe, 0x01, 0x80, 0x01, 0x80, 0x7f, 0xfe, 0x7f, 0xfe, 0x01,
    0x80, 0x7f, 0xfc, 0x7f, 0xfc, 0x66, 0x6c, 0x67, 0xec, 0x6f, 0xec, 0x61, 0x8c, 0x6f, 0xfc, 0x6f, 0xec, 0x61, 0xbc, 0x61,
    0xbc, 0x3f, 0xff, 0x1f, 0xff, 0x8c, 0x18, 0x06, 0x0c, 0x03, 0x06, 0x01, 0xbf, 0xf0, 0xdf, 0xfc, 0x60, 0xc0, 0x30, 0x6c,
    0x18, 0x33, 0x0c, 0x19, 0x86, 0x0c, 0x06, 0xff, 0xf3, 0x7f, 0xf8, 0x00, 0x00, 0x3f, 0xfc, 0x3f, 0xfc, 0x31, 0x8c, 0x37,
    0xfc, 0x31, 0x8c, 0x31, 0x8c, 0x3f, 0xfc, 0x37, 0xec, 0x37, 0xec, 0x36, 0x6c, 0x66, 0x6c, 0x67, 0xec, 0x66, 0x3c, 0x40,
    0x3c, 0x00, 0x00, 0x00, 0x00, 0x7f, 0xfe, 0x7f, 0xfe, 0x66, 0x6e, 0x66, 0x6e, 0x66, 0x6e, 0x66, 0x6e, 0x6c, 0x6e, 0x7c,
    0x7e, 0x78, 0x0e, 0x60, 0x0e, 0x7f, 0xfe, 0x7f, 0xfe, 0x60, 0x0e, 0x18, 0x00, 0x0c, 0xc1, 0x86, 0x6c, 0xc3, 0x36, 0x67,
    0xfb, 0x33, 0xfd, 0x98, 0x66, 0xcc, 0x33, 0x66, 0x19, 0xb3, 0x0c, 0xd9, 0x87, 0xec, 0xcf, 0xf6, 0x67, 0x33, 0x30, 0x18,
    0x18, 0x0c, 0x0c, 0x00, 0x00, 0x00, 0x00, 0x03, 0x00, 0x07, 0xf8, 0x1f, 0xf0, 0x3c, 0x60, 0x07, 0xc0, 0x0f, 0xe0, 0x7c,
    0xfe, 0x61, 0xfe, 0x0f, 0x0e, 0x1f, 0x9c, 0x01, 0xf8, 0x01, 0xe0, 0x7f, 0x80, 0x7c, 0x00, 0x00, 0x00, 0x3f, 0xfc, 0x7f,
    0xfc, 0x01, 0x80, 0x01, 0x80, 0x01, 0x80, 0x7f, 0xfe, 0x7f, 0xfe, 0x03, 0xc0, 0x03, 0xc0, 0x07, 0x60, 0x0e, 0x70, 0x1c,
    0x38, 0x78, 0x1e, 0x60, 0x06, 0x00, 0x00, 0x00, 0x00, 0x03, 0x80, 0x7f, 0xfe, 0x7f, 0xfe, 0x60, 0x06, 0x63, 0x06, 0x7f,
    0xfe, 0x7f, 0xfe, 0x0c, 0x30, 0x1c, 0x70, 0x1f, 0xe0, 0x03, 0xe0, 0x07, 0xf8, 0x7e, 0x3e, 0x38, 0x0c, 0x00, 0x00, 0x01,
    0x80, 0x01, 0x80, 0x01, 0x88, 0x19, 0x98, 0x19, 0x8c, 0x31, 0x86, 0x71, 0x86, 0x61, 0x82, 0x01, 0x88, 0x01, 0x98, 0x00,
    0x38, 0x00, 0xe0, 0x07, 0xc0, 0x7f, 0x00, 0x70, 0x00, 0x00, 0x00, 0x30, 0x0c, 0x31, 0x8c, 0x31, 0x8c, 0x31, 0x8c, 0x31,
    0x8c, 0x31, 0x8c, 0x31, 0x8c, 0x31, 0x8c, 0x31, 0x8c, 0x31, 0x8c, 0x71, 0x8c, 0x61, 0x8c, 0x61, 0x8c, 0xc0, 0x0c, 0x00,
    0x00, 0x00, 0x00, 0x0c, 0x06, 0x0c, 0xc6, 0x0c, 0xc6, 0x0c, 0xc6, 0x2c, 0xc6, 0x2e, 0xf6, 0x6f, 0xd6, 0x6f, 0xde, 0x6f,
    0xde, 0x1c, 0xc6, 0x18, 0xc6, 0x18, 0xc6, 0x38, 0xc6, 0x70, 0xc6, 0x20, 0x06, 0x00, 0x00, 0x00, 0x00, 0x01, 0x80, 0x01,
    0x80, 0x7f, 0xfe, 0x7f, 0xfe, 0x01, 0x80, 0x3f, 0xfc, 0x3f, 0xfc, 0x31, 0x8c, 0x31, 0x8c, 0x31, 0x8c, 0x31, 0x8c, 0x31,
    0xbc, 0x31, 0xb8, 0x01, 0x80, 0x00, 0x00, 0x01, 0xc0, 0x00, 0xc0, 0x3f, 0xfe, 0x3f, 0xfe, 0x30, 0x00, 0x30, 0x00, 0x30,
    0x00, 0x30, 0x00, 0x30, 0x00, 0x30, 0x00, 0x30, 0x00, 0x30, 0x00, 0x60, 0x00, 0x60, 0x00, 0x40, 0x00, 0x00, 0x40, 0x00,
    0x60, 0x0f, 0xff, 0xc7, 0xff, 0xe3, 0x00, 0x01, 0x83, 0x00, 0xc1, 0x80, 0x6f, 0xfe, 0x37, 0xff, 0x18, 0x38, 0x0c, 0x3c,
    0x06, 0x1b, 0x03, 0x18, 0xc3, 0x38, 0x71, 0xb8, 0x0c, 0x08, 0x00, 0x00, 0x00, 0x00, 0xc0, 0x3f, 0xff, 0x3f, 0xfe, 0x33,
    0x18, 0x3f, 0xff, 0x33, 0x18, 0x33, 0x18, 0x33, 0xf8, 0x30, 0x00, 0x3f, 0xfc, 0x33, 0x1c, 0x63, 0xf8, 0x67, 0xf8, 0x6f,
    0x3e, 0x00, 0x00, 0x00, 0x00, 0x00, 0xd8, 0x00, 0xdc, 0x00, 0xcc, 0x3f, 0xfe, 0x3f, 0xfe, 0x30, 0xc0, 0x3f, 0x6c, 0x3f,
    0x6c, 0x33, 0x78, 0x33, 0x78, 0x33, 0x70, 0x7f, 0x72, 0x6e, 0xf2, 0x61, 0xde, 0x61, 0x8c, 0x00, 0x00, 0x30, 0x00, 0x33,
    0xfe, 0x33, 0xfe, 0x7f, 0x06, 0x7f, 0xfe, 0x33, 0xfe, 0x33, 0x30, 0x3f, 0xfe, 0x7f, 0xfe, 0x73, 0x30, 0x33, 0xfe, 0x33,
    0xfe, 0x36, 0x86, 0x76, 0xc6, 0x64, 0xfe, 0x00, 0x00, 0x2d, 0x30, 0x2f, 0x30, 0x3f, 0x20, 0x7f, 0xbe, 0x7f, 0xff, 0x3f,
    0x66, 0x7d, 0xe4, 0x68, 0xfc, 0x19, 0x3c, 0x7f, 0x3c, 0x33, 0x18, 0x3e, 0x18, 0x1e, 0x3c, 0x3f, 0xe7, 0x70, 0xc3, 0x00,
    0x00, 0x08, 0x00, 0x18, 0x3e, 0x7f, 0xf8, 0x7f, 0xc0, 0x36, 0xc0, 0x7f, 0xfe, 0x7f, 0xff, 0x08, 0xcc, 0x7f, 0xcc, 0x7f,
    0xcc, 0x2a, 0xcc, 0x6b, 0xcc, 0x4b, 0xcc, 0x19, 0x8c, 0x18, 0x8c, 0x3f, 0xfe, 0x3f, 0xfe, 0x01, 0x80, 0x01, 0x80, 0x01,
    0x80, 0x7f, 0xfe, 0x7f, 0xfe, 0x03, 0xc0, 0x03, 0xc0, 0x07, 0xc0, 0x0e, 0xc2, 0x1c, 0xc2, 0x78, 0xfe, 0x70, 0x7e, 0x00,
    0x00, 0x1f, 0xfc, 0x1f, 0xfc, 0x18, 0x0c, 0x18, 0x0c, 0x18, 0x0c, 0x18, 0x0c, 0x1f, 0xfc, 0x1f, 0xfc, 0x18, 0x0c, 0x18,
    0x0c, 0x18, 0x0c, 0x1f, 0xfc, 0x1f, 0xfc, 0x18, 0x0c, 0x00, 0x00, 0x00, 0x0c, 0x7e, 0x0c, 0x7e, 0x0c, 0x67, 0xff, 0x67,
    0xff, 0x66, 0x0c, 0x7e, 0x0c, 0x7e, 0xcc, 0x66, 0xcc, 0x66, 0x6c, 0x66, 0x6c, 0x7e, 0x0c, 0x7e, 0x0c, 0x60, 0x7c, 0x00,
    0x78, 0x00, 0x00, 0x7e, 0xfe, 0x7e, 0xfe, 0x66, 0xc6, 0x66, 0xc6, 0x7e, 0xfe, 0x7e, 0xfe, 0x66, 0xc6, 0x66, 0xc6, 0x7e,
    0xfe, 0x7f, 0xc6, 0x61, 0x86, 0x03, 0x86, 0x07, 0x1e, 0x06, 0x1e, 0x00, 0x00, 0x00, 0x30, 0x00, 0x30, 0x7f, 0xfe, 0x6c,
    0x30, 0x6d, 0xfe, 0x6f, 0xff, 0x7f, 0xfe, 0x7c, 0x00, 0x6d, 0xfe, 0x6d, 0x86, 0x6d, 0xfe, 0x7d, 0x86, 0x79, 0xfe, 0x61,
    0x86, 0x01, 0x8e, 0x00, 0x00, 0x18, 0x3e, 0x7f, 0xfc, 0x3c, 0x60, 0x7f, 0xfe, 0x7f, 0x6e, 0x1f, 0xcc, 0x7f, 0xcc, 0x0c,
    0xcc, 0x1f, 0xfc, 0x10, 0x0c, 0x18, 0x0c, 0x1f, 0xfc, 0x18, 0x0c, 0x1f, 0xfc, 0x00, 0x00, 0x3f, 0xf8, 0x30, 0x18, 0x3f,
    0xf8, 0x3f, 0xf8, 0x3f, 0xf8, 0x0c, 0x60, 0x3f, 0xfc, 0x0c, 0x60, 0x7f, 0xfe, 0x7f, 0xfe, 0x7d, 0xfe, 0x0f, 0xe0, 0x3f,
    0xf8, 0x37, 0x08, 0x00, 0x00, 0x7f, 0xfe, 0x7f, 0xfe, 0x01, 0x80, 0x3f, 0xfc, 0x31, 0x8c, 0x31, 0x8c, 0x3f, 0xfc, 0x31,
    0x8c, 0x3f, 0xfc, 0x1b, 0x80, 0x1f, 0x00, 0x0f, 0x00, 0x7f, 0xfe, 0x70, 0xfe, 0x00, 0x00, 0x1f, 0xfc, 0x18, 0x0c, 0x1f,
    0xfc, 0x18, 0x0c, 0x1f, 0xfc, 0x7f, 0xfe, 0x7f, 0xfe, 0x3b, 0x00, 0x3f, 0xfe, 0x33, 0x66, 0x3f, 0x6c, 0x33, 0x38, 0x7f,
    0xfe, 0x03, 0xc6, 0x1f, 0xf8, 0x1f, 0xf8, 0x18, 0x18, 0x18, 0x18, 0x1f, 0xf8, 0x1f, 0xf8, 0x18, 0x18, 0x18, 0x18, 0x1f,
    0xf8, 0x3f, 0xf8, 0x30, 0x18, 0x70, 0x18, 0x60, 0xf8, 0x40, 0xf0, 0x00, 0x00, 0x01, 0x80, 0x01, 0x80, 0x01, 0x80, 0x3f,
    0xfc, 0x3f, 0xfc, 0x01, 0x80, 0x01, 0x80, 0x7f, 0xfe, 0x7f, 0xfe, 0x07, 0xc0, 0x0f, 0xf0, 0x1d, 0xb8, 0x79, 0x9e, 0x61,
    0x86, 0x01, 0x80, 0x00, 0x00, 0x0c, 0x30, 0x06, 0x18, 0x03, 0x04, 0x07, 0xdf, 0xf3, 0xef, 0xf8, 0x60, 0x00, 0x7b, 0xf0,
    0x3d, 0xf8, 0x3f, 0xc4, 0x1f, 0x62, 0x0b, 0x31, 0x01, 0x98, 0x90, 0xdc, 0x48, 0x7c, 0x3c, 0x34, 0x1e, 0x00, 0x00, 0x00,
    0x30, 0x00, 0x33, 0xfe, 0x37, 0xfe, 0x36, 0xcc, 0x7f, 0xfc, 0x36, 0xec, 0x3e, 0xfc, 0x3f, 0xff, 0x7e, 0x98, 0x76, 0x98,
    0x76, 0xd8, 0x77, 0xf8, 0x37, 0x79, 0x34, 0x6f, 0x30, 0x4f, 0x00, 0x00, 0x00, 0x68, 0x3f, 0xec, 0x3f, 0x6e, 0x00, 0x64,
    0x7f, 0xfe, 0xff, 0xfe, 0x06, 0x60, 0x26, 0x60, 0x37, 0xf0, 0x37, 0xf0, 0x36, 0x30, 0x36, 0x32, 0x37, 0xba, 0x7f, 0x9e,
    0x70, 0x0e, 0x00, 0x18, 0x01, 0xf8, 0x7f, 0xe0, 0x7f, 0x00, 0x03, 0x0c, 0x07, 0xfc, 0x7f, 0xe0, 0x33, 0x00, 0x03, 0x7e,
    0x7f, 0xfe, 0x7f, 0x80, 0x03, 0x02, 0x03, 0x03, 0x03, 0xfe, 0x01, 0xfe, 0x08, 0x00, 0x18, 0x00, 0x1f, 0xfe, 0x3f, 0xfe,
    0x3f, 0xf8, 0x6f, 0xfc, 0x60, 0x00, 0x3f, 0xf8, 0x00, 0x38, 0x00, 0x18, 0x00, 0x18, 0x00, 0x18, 0x00, 0x1b, 0x00, 0x0e,
    0x00, 0x0e, 0x01, 0x80, 0x01, 0x80, 0x01, 0x80, 0x01, 0x8c, 0x7f, 0x8c, 0x7f, 0xd8, 0x0d, 0xf0, 0x0d, 0xe0, 0x0d, 0xf0,
    0x19, 0xb8, 0x39, 0x9c, 0x71, 0x8e, 0x61, 0x86, 0x07, 0x80, 0x07, 0x00, 0x00, 0x00, 0x73, 0xfe, 0x3b, 0xfe, 0x03, 0x06,
    0x03, 0x0e, 0x61, 0x8c, 0x71, 0x8c, 0x11, 0xdc, 0x00, 0xd8, 0x18, 0xf8, 0x18, 0x70, 0x30, 0xf0, 0x31, 0xdc, 0x67, 0x8e,
    0x66, 0x06, 0x00, 0x00, 0x30, 0x60, 0x38, 0x60, 0x18, 0x6c, 0x03, 0x6c, 0x43, 0x66, 0x76, 0x66, 0x36, 0x62, 0x06, 0x64,
    0x04, 0x6c, 0x18, 0x6c, 0x18, 0x18, 0x30, 0x70, 0x71, 0xe0, 0x67, 0xc0, 0x06, 0x00, 0x00, 0x60, 0x30, 0x60, 0x3b, 0xfe,
    0x08, 0x66, 0x07, 0xfe, 0x67, 0xff, 0x70, 0x66, 0x13, 0xfe, 0x00, 0x60, 0x1f, 0xfe, 0x18, 0x60, 0x30, 0x60, 0x37, 0xff,
    0x60, 0x60, 0x20, 0x60, 0x01, 0x00, 0x33, 0x00, 0x1b, 0xfe, 0x07, 0xfe, 0x06, 0x00, 0x47, 0xfe, 0x73, 0x6e, 0x33, 0x24,
    0x0f, 0xff, 0x1f, 0xfe, 0x33, 0x6c, 0x33, 0xfe, 0x37, 0xfe, 0x60, 0x1c, 0x20, 0x38, 0x00, 0x00, 0x00, 0x00, 0x77, 0xfe,
    0x37, 0xfe, 0x06, 0x96, 0x01, 0x98, 0x63, 0x0c, 0x76, 0x6c, 0x00, 0x60, 0x07, 0xfe, 0x17, 0xfc, 0x31, 0xf0, 0x33, 0xf8,
    0x67, 0x6e, 0x6e, 0x66, 0x40, 0x60, 0x00, 0x00, 0x3b, 0xfe, 0x3b, 0xfe, 0x03, 0x06, 0x03, 0xfe, 0x63, 0x06, 0x73, 0xfe,
    0x03, 0xfc, 0x00, 0xda, 0x16, 0xdb, 0x33, 0xde, 0x33, 0xde, 0x70, 0xdc, 0x6f, 0xff, 0x0f, 0xff, 0x00, 0x00, 0x01, 0x80,
    0x7f, 0xfe, 0x7f, 0xfe, 0x63, 0x6c, 0x3f, 0xdc, 0x01, 0xc0, 0x1b, 0x78, 0x7f, 0xfe, 0x67, 0xb6, 0x01, 0x80, 0x7f, 0xfe,
    0x7f, 0xfe, 0x01, 0x80, 0x01, 0x80, 0x10, 0x00, 0x30, 0x00, 0x3f, 0x7e, 0x3f, 0x66, 0x6c, 0x66, 0x6c, 0x66, 0x0c, 0x66,
    0x7f, 0xe6, 0x7f, 0x66, 0x1c, 0x66, 0x1e, 0x66, 0x1f, 0x66, 0x3b, 0xfe, 0x71, 0x7e, 0x60, 0x66, 0x00, 0x00, 0xff, 0xfe,
    0xff, 0xfe, 0x06, 0xc0, 0x06, 0xc0, 0x7f, 0xfc, 0x7f, 0xfc, 0x64, 0xcc, 0x6c, 0xcc, 0x7c, 0xfc, 0x78, 0x7c, 0x60, 0x0c,
    0x60, 0x0c, 0x7f, 0xfc, 0x7f, 0xfc, 0x00, 0x00, 0x0c, 0x00, 0x08, 0x3e, 0x7f, 0xbe, 0x7f, 0xb6, 0x6d, 0xb4, 0x7f, 0xbc,
    0x6d, 0xbc, 0x7f, 0xbc, 0x3f, 0x36, 0x36, 0x36, 0x77, 0x36, 0xff, 0xfe, 0x06, 0x3c, 0x06, 0x30, 0x06, 0x30, 0x18, 0x00,
    0x19, 0xfe, 0x7f, 0xfe, 0x3f, 0x66, 0x1b, 0x6c, 0x7f, 0xec, 0x7f, 0xe8, 0x1c, 0x6c, 0x3f, 0x66, 0xf3, 0x66, 0x73, 0x66,
    0x3f, 0x66, 0x33, 0x7e, 0x3f, 0x60, 0x3f, 0x60, 0x00, 0x00, 0x00, 0x18, 0x3f, 0xfc, 0x3f, 0xe0, 0x7f, 0xfe, 0x7f, 0xfe,
    0x3f, 0xfc, 0x31, 0x8c, 0x3f, 0xfc, 0x31, 0x8c, 0x3f, 0xfc, 0x01, 0x80, 0x3f, 0xfc, 0x01, 0x80, 0x7f, 0xfe, 0x7f, 0xfe,
    0x0c, 0x08, 0x0c, 0x1c, 0x0c, 0x78, 0x0c, 0xe0, 0x0d, 0xc0, 0x0c, 0x00, 0x7f, 0xff, 0x7f, 0xff, 0x0c, 0xc0, 0x0c, 0x60,
    0x0c, 0x70, 0x0c, 0x38, 0x0f, 0xde, 0x1f, 0x8f, 0x0c, 0x02, 0x20, 0x00, 0x37, 0xfe, 0x1b, 0xfe, 0x00, 0x06, 0x60, 0x06,
    0x67, 0xe6, 0x66, 0x66, 0x66, 0x66, 0x67, 0xe6, 0x66, 0x66, 0x66, 0x66, 0x67, 0xe6, 0x67, 0xe6, 0x60, 0x0e, 0x60, 0x0c,
    0x00, 0x00, 0x7f, 0xfe, 0x7f, 0xfe, 0x6d, 0x86, 0x6d, 0x86, 0x6d, 0xfe, 0x6d, 0xfe, 0x65, 0x86, 0x67, 0x86, 0x67, 0xfe,
    0x6d, 0x86, 0x69, 0x86, 0x61, 0x86, 0x63, 0x1e, 0x63, 0x1c, 0x00, 0x00, 0x00, 0x40, 0x7c, 0x60, 0x7f, 0xfe, 0x6f, 0xfe,
    0x78, 0xc0, 0x79, 0xb0, 0x79, 0xb0, 0x6f, 0xfe, 0x6f, 0xfe, 0x6c, 0x30, 0x7c, 0x30, 0x7f, 0xfe, 0x63, 0xfe, 0x60, 0x30,
    0x60, 0x30, 0x00, 0x40, 0x7c, 0xe0, 0x7c, 0xfc, 0x6f, 0x9c, 0x7b, 0xf8, 0x78, 0x70, 0x79, 0xfe, 0x6f, 0xbe, 0x6d, 0xfe,
    0x6f, 0xfe, 0x7d, 0x30, 0x7b, 0xfe, 0x63, 0xfe, 0x60, 0x30, 0x60, 0x30, 0x7f, 0xfe, 0x7f, 0xfe, 0x01, 0x80, 0x01, 0x80,
    0x7f, 0xfe, 0x7f, 0xfe, 0x69, 0xa6, 0x6f, 0xb6, 0x65, 0x96, 0x69, 0xe6, 0x6d, 0xb6, 0x65, 0x96, 0x61, 0x8e, 0x61, 0x9c,
    0x00, 0x00, 0x3f, 0xfc, 0x01, 0x80, 0x7f, 0xfe, 0x61, 0x82, 0x7f, 0xfe, 0x41, 0x82, 0x1f, 0xfc, 0x1f, 0xf8, 0x3f, 0xfc,
    0x00, 0x0c, 0x1f, 0xfc, 0x00, 0x0c, 0x00, 0x0c, 0x3f, 0xfc, 0x3f, 0xfc, 0x01, 0x80, 0x7f, 0xfe, 0x61, 0x86, 0x7f, 0xfe,
    0x41, 0x82, 0x1f, 0xf8, 0x1f, 0xf8, 0x3f, 0xfc, 0x31, 0x8c, 0x3f, 0xfc, 0x31, 0x8c, 0x3f, 0xfc, 0x3f, 0xfc, 0x00, 0x00,
    0x3f, 0xfc, 0x01, 0x80, 0x7f, 0xfe, 0x6d, 0xb6, 0x7d, 0xbe, 0x1f, 0xf8, 0x19, 0x00, 0x1f, 0xfc, 0x38, 0x0c, 0x7f, 0xcc,
    0x18, 0xdc, 0x1f, 0xd8, 0x18, 0x06, 0x0f, 0xfe, 0x3f, 0xfc, 0x7f, 0xfe, 0x7f, 0xfe, 0x7d, 0xfe, 0x7d, 0xbe, 0x0d, 0x80,
    0x1f, 0xfc, 0x7c, 0x38, 0x07, 0xf0, 0x7f, 0xfe, 0x63, 0x80, 0x3f, 0xfc, 0x0e, 0x1c, 0x38, 0x78, 0x00, 0x00, 0x3f, 0xfc,
    0x3f, 0xfc, 0x30, 0x0c, 0x34, 0x6c, 0x36, 0x6c, 0x33, 0xcc, 0x33, 0xcc, 0x31, 0xcc, 0x33, 0xcc, 0x37, 0x6c, 0x7e, 0x7c,
    0x6c, 0x2d, 0x60, 0x07, 0x40, 0x06, 0x00, 0x00, 0x01, 0x00, 0x01, 0x80, 0x7f, 0xfe, 0x7f, 0xfe, 0x1f, 0xf8, 0x18, 0x18,
    0x1f, 0xf8, 0x00, 0x00, 0x7f, 0xfe, 0x60, 0x0e, 0x6f, 0xe6, 0x6c, 0x26, 0x6c, 0x26, 0x6f, 0xfe, 0x64, 0x1c, 0x18, 0x00,
    0x1c, 0x00, 0x1c, 0x00, 0x00, 0x00, 0x00, 0x00, 0x00, 0x00, 0x00, 0x00, 0x00, 0x00, 0x18, 0x00, 0x1c, 0x00, 0x1c, 0x00
};
static const UiGlyph glyphs16[] = {
    {0x20, 0, 4, 0, 4, 0, 15},
    {0x21, 0, 5, 12, 5, 0, 3},
    {0x22, 8, 8, 13, 8, 0, 2},
    {0x23, 21, 10, 12, 10, 0, 3},
    {0x24, 36, 9, 16, 9, 0, 1},
    {0x25, 54, 16, 12, 16, 0, 3},
    {0x26, 78, 12, 12, 12, 0, 3},
    {0x27, 96, 5, 13, 5, 0, 2},
    {0x28, 105, 6, 18, 6, 0, 1},
    {0x29, 119, 7, 18, 7, 0, 1},
    {0x2a, 135, 8, 13, 8, 0, 2},
    {0x2b, 148, 10, 10, 10, 0, 5},
    {0x2c, 161, 5, 7, 5, 0, 12},
    {0x2d, 166, 6, 6, 6, 0, 9},
    {0x2e, 171, 4, 3, 4, 0, 12},
    {0x2f, 173, 6, 16, 6, 0, 2},
    {0x30, 185, 9, 12, 9, 0, 3},
    {0x31, 199, 9, 12, 9, 0, 3},
    {0x32, 213, 9, 12, 9, 0, 3},
    {0x33, 227, 9, 12, 9, 0, 3},
    {0x34, 241, 10, 12, 9, 0, 3},
    {0x35, 256, 9, 12, 9, 0, 3},
    {0x36, 270, 9, 12, 9, 0, 3},
    {0x37, 284, 9, 12, 9, 0, 3},
    {0x38, 298, 9, 12, 9, 0, 3},
    {0x39, 312, 9, 12, 9, 0, 3},
    {0x3a, 326, 4, 9, 4, 0, 6},
    {0x3b, 331, 5, 13, 5, 0, 6},
    {0x3c, 340, 10, 10, 10, 0, 5},
    {0x3d, 353, 10, 9, 10, 0, 6},
    {0x3e, 365, 10, 10, 10, 0, 5},
    {0x3f, 378, 8, 12, 8, 0, 3},
    {0x40, 390, 16, 15, 16, 0, 3},
    {0x41, 420, 12, 12, 10, -1, 3},
    {0x42, 438, 11, 12, 11, 0, 3},
    {0x43, 455, 11, 12, 11, 0, 3},
    {0x44, 472, 11, 12, 11, 0, 3},
    {0x45, 489, 9, 12, 9, 0, 3},
    {0x46, 503, 9, 12, 9, 0, 3},
    {0x47, 517, 11, 12, 11, 0, 3},
    {0x48, 534, 12, 12, 12, 0, 3},
    {0x49, 552, 5, 12, 5, 0, 3},
    {0x4a, 560, 9, 12, 9, 0, 3},
    {0x4b, 574, 11, 12, 10, 0, 3},
    {0x4c, 591, 9, 12, 9, 0, 3},
    {0x4d, 605, 14, 12, 14, 0, 3},
    {0x4e, 626, 12, 12, 12, 0, 3},
    {0x4f, 644, 12, 12, 12, 0, 3},
    {0x50, 662, 10, 12, 10, 0, 3},
    {0x51, 677, 12, 15, 12, 0, 3},
    {0x52, 700, 10, 12, 10, 0, 3},
    {0x53, 715, 10, 12, 10, 0, 3},
    {0x54, 730, 11, 12, 11, 0, 3},
    {0x55, 747, 11, 12, 11, 0, 3},
    {0x56, 764, 11, 12, 10, -1, 3},
    {0x57, 781, 15, 12, 14, 0, 3},
    {0x58, 804, 10, 12, 10, 0, 3},
    {0x59, 819, 10, 12, 9, -1, 3},
    {0x5a, 834, 10, 12, 10, 0, 3},
    {0x5b, 849, 7, 16, 7, 0, 2},
    {0x5c, 863, 7, 16, 6, 0, 2},
    {0x5d, 877, 7, 16, 7, 0, 2},
    {0x5e, 891, 9, 12, 9, 0, 3},
    {0x5f, 905, 11, 2, 11, 0, 15},
    {0x60, 908, 10, 15, 10, 0, 0},
    {0x61, 927, 9, 9, 9, 0, 6},
    {0x62, 938, 10, 13, 10, 0, 2},
    {0x63, 955, 9, 9, 9, 0, 6},
    {0x64, 966, 10, 13, 10, 0, 2},
    {0x65, 983, 10, 9, 10, 0, 6},
    {0x66, 995, 7, 13, 7, 0, 2},
    {0x67, 1007, 10, 12, 10, 0, 6},
    {0x68, 1022, 10, 13, 10, 0, 2},
    {0x69, 1039, 4, 13, 4, 0, 2},
    {0x6a, 1046, 6, 16, 4, -2, 2},
    {0x6b, 1058, 10, 13, 9, 0, 2},
    {0x6c, 1075, 5, 13, 5, 0, 2},
    {0x6d, 1084, 14, 9, 14, 0, 6},
    {0x6e, 1100, 10, 9, 10, 0, 6},
    {0x6f, 1112, 10, 9, 10, 0, 6},
    {0x70, 1124, 10, 12, 10, 0, 6},
    {0x71, 1139, 10, 12, 10, 0, 6},
    {0x72, 1154, 7, 10, 6, 0, 5},
    {0x73, 1163, 8, 9, 8, 0, 6},
    {0x74, 1172, 8, 12, 8, 0, 3},
    {0x75, 1184, 9, 9, 9, 0, 6},
    {0x76, 1195, 9, 9, 9, 0, 6},
    {0x77, 1206, 14, 9, 14, 0, 6},
    {0x78, 1222, 9, 9, 9, 0, 6},
    {0x79, 1233, 9, 12, 9, 0, 6},
    {0x7a, 1247, 9, 9, 9, 0, 6},
    {0x7b, 1258, 6, 15, 6, 0, 2},
    {0x7c, 1270, 5, 18, 5, 0, 1},
    {0x7d, 1282, 6, 15, 6, 0, 2},
    {0x7e, 1294, 9, 7, 9, 0, 8},
    {0xb0, 1302, 7, 12, 7, 0, 3},
    {0x2026, 1313, 16, 8, 16, 0, 7},
    {0x2103, 1329, 17, 13, 16, 0, 2},
    {0x4e00, 1357, 16, 7, 16, 0, 8},
    {0x4e03, 1371, 16, 14, 16, 0, 2},
    {0x4e09, 1399, 16, 12, 16, 0, 3},
    {0x4e0a, 1423, 16, 15, 16, 0, 1},
    {0x4e1c, 1453, 16, 15, 16, 0, 1},
    {0x4e8c, 1483, 16, 11, 16, 0, 4},
    {0x4e91, 1505, 16, 15, 16, 0, 2},
    {0x4e94, 1535, 16, 13, 16, 0, 3},
    {0x4eac, 1561, 16, 16, 16, 0, 1},
    {0x4eca, 1593, 17, 16, 16, 0, 1},
    {0x4f4e, 1627, 16, 16, 16, 0, 1},
    {0x516d, 1659, 16, 15, 16, 0, 1},
    {0x51b0, 1689, 16, 15, 16, 0, 1},
    {0x51bb, 1719, 16, 15, 16, 0, 1},
    {0x5317, 1749, 16, 17, 16, 0, 0},
    {0x533a, 1783, 16, 14, 16, 0, 2},
    {0x5357, 1811, 16, 15, 16, 0, 1},
    {0x538b, 1841, 17, 15, 16, -1, 2},
    {0x5468, 1873, 16, 15, 16, 0, 2},
    {0x56db, 1903, 16, 14, 16, 0, 2},
    {0x5733, 1931, 17, 16, 16, -1, 1},
    {0x591a, 1965, 16, 16, 16, 0, 1},
    {0x5929, 1997, 16, 15, 16, 0, 2},
    {0x5b89, 2027, 16, 16, 16, 0, 1},
    {0x5c11, 2059, 16, 15, 16, 0, 1},
    {0x5ddd, 2089, 16, 16, 16, 0, 1},
    {0x5dde, 2121, 16, 17, 16, 0, 0},
    {0x5e02, 2155, 16, 15, 16, 0, 1},
    {0x5e7f, 2185, 16, 16, 16, 0, 1},
    {0x5e86, 2217, 17, 16, 16, -1, 1},
    {0x5ea6, 2251, 16, 16, 16, 0, 1},
    {0x6210, 2283, 16, 17, 16, 0, 0},
    {0x636e, 2317, 16, 16, 16, 0, 1},
    {0x6570, 2349, 16, 16, 16, 0, 1},
    {0x65b0, 2381, 16, 15, 16, 0, 1},
    {0x65e0, 2411, 16, 15, 16, 0, 2},
    {0x65e5, 2441, 16, 15, 16, 0, 2},
    {0x65f6, 2471, 16, 16, 16, 0, 1},
    {0x660e, 2503, 16, 15, 16, 0, 2},
    {0x6674, 2533, 16, 15, 16, 0, 1},
    {0x6682, 2563, 16, 16, 16, 0, 1},
    {0x66b4, 2595, 16, 15, 16, 0, 2},
    {0x66f4, 2625, 16, 15, 16, 0, 2},
    {0x6700, 2655, 16, 14, 16, 0, 2},
    {0x6708, 2683, 16, 15, 16, 0, 2},
    {0x672a, 2713, 16, 15, 16, 0, 1},
    {0x676d, 2743, 17, 17, 16, 0, 0},
    {0x6982, 2780, 16, 16, 16, 0, 1},
    {0x6b66, 2812, 16, 15, 16, 0, 1},
    {0x6bdb, 2842, 16, 15, 16, 0, 1},
    {0x6c14, 2872, 16, 15, 16, 0, 1},
    {0x6c34, 2902, 16, 15, 16, 0, 1},
    {0x6c49, 2932, 16, 16, 16, 0, 1},
    {0x6c99, 2964, 16, 15, 16, 0, 1},
    {0x6d25, 2994, 16, 15, 16, 0, 1},
    {0x6d77, 3024, 16, 16, 16, 0, 1},
    {0x6df1, 3056, 16, 15, 16, 0, 1},
    {0x6e7f, 3086, 16, 15, 16, 0, 1},
    {0x7387, 3116, 16, 15, 16, 0, 1},
    {0x77e5, 3146, 16, 16, 16, 0, 1},
    {0x897f, 3178, 16, 15, 16, 0, 2},
    {0x90eb, 3208, 16, 15, 16, 0, 1},
    {0x90fd, 3238, 16, 16, 16, 0, 1},
    {0x91cd, 3270, 16, 15, 16, 0, 1},
    {0x957f, 3300, 16, 15, 16, 0, 1},
    {0x95f4, 3330, 16, 15, 16, 0, 1},
    {0x9634, 3360, 16, 16, 16, 0, 1},
    {0x9635, 3392, 16, 15, 16, 0, 1},
    {0x964d, 3422, 16, 15, 16, 0, 1},
    {0x96e8, 3452, 16, 15, 16, 0, 2},
    {0x96ea, 3482, 16, 14, 16, 0, 2},
    {0x96f7, 3510, 16, 15, 16, 0, 2},
    {0x96f9, 3540, 16, 14, 16, 0, 2},
    {0x96fe, 3568, 16, 15, 16, 0, 2},
    {0x98ce, 3598, 16, 15, 16, 0, 2},
    {0x9ad8, 3628, 16, 15, 16, 0, 1},
    {0xff1a, 3658, 16, 11, 16, 0, 4},
};
const UiFont WeatherSans16 = {glyphs16, bitmap16, 175, 19};

static const uint8_t bitmap20[] = {
    0x38, 0x70, 0xe1, 0xc3, 0x87, 0x0e, 0x1c, 0x38, 0x70, 0xe0, 0x03, 0x87, 0x0e, 0x1c, 0x39, 0xc7, 0x38, 0xe7, 0x1c, 0xe3,
    0x9c, 0x63, 0x0c, 0x60, 0x00, 0x00, 0x00, 0x00, 0x00, 0x00, 0x00, 0x00, 0x00, 0x00, 0x00, 0x00, 0x00, 0x00, 0x08, 0xc1,
    0x8c, 0x18, 0xc1, 0x8c, 0x7f, 0xe7, 0xfe, 0x19, 0xc1, 0x98, 0x39, 0x87, 0xfe, 0x7f, 0xe3, 0x18, 0x31, 0x83, 0x18, 0x33,
    0x03, 0x30, 0x06, 0x00, 0x60, 0x0f, 0x81, 0xfc, 0x3f, 0xc3, 0x80, 0x38, 0x03, 0x80, 0x1e, 0x01, 0xf0, 0x07, 0xc0, 0x3c,
    0x01, 0xe0, 0x0e, 0x20, 0xe3, 0x9c, 0x3f, 0xc1, 0xf8, 0x06, 0x00, 0x60, 0x06, 0x00, 0x1c, 0x06, 0x03, 0xe0, 0x40, 0x77,
    0x0c, 0x06, 0x31, 0x80, 0x63, 0x18, 0x06, 0x33, 0x00, 0x63, 0x33, 0x87, 0x76, 0x7c, 0x3e, 0x6c, 0xe1, 0xcc, 0xc6, 0x00,
    0xcc, 0x60, 0x18, 0xc6, 0x01, 0x0c, 0x60, 0x30, 0xee, 0x02, 0x07, 0xc0, 0x60, 0x38, 0x0f, 0x80, 0x3f, 0x80, 0xf7, 0x01,
    0xc6, 0x03, 0x8c, 0x07, 0x30, 0x07, 0xc0, 0x0f, 0x06, 0x3e, 0x0c, 0x7e, 0x39, 0xce, 0x63, 0x9f, 0xc7, 0x0f, 0x0f, 0xbf,
    0x8f, 0xff, 0x0f, 0xc6, 0x38, 0x70, 0xe1, 0xc3, 0x86, 0x0c, 0x00, 0x00, 0x00, 0x00, 0x00, 0x00, 0x00, 0x00, 0x00, 0x00,
    0x06, 0x0e, 0x0c, 0x1c, 0x1c, 0x18, 0x38, 0x38, 0x38, 0x38, 0x38, 0x38, 0x38, 0x38, 0x38, 0x18, 0x1c, 0x1c, 0x0c, 0x0e,
    0x06, 0x00, 0x00, 0xc1, 0x83, 0x83, 0x07, 0x0e, 0x0c, 0x1c, 0x38, 0x70, 0xe1, 0xc3, 0x87, 0x1c, 0x38, 0x70, 0xc3, 0x86,
    0x0c, 0x00, 0x00, 0x0c, 0x03, 0x07, 0xf9, 0xfe, 0x1e, 0x07, 0x83, 0x70, 0x48, 0x00, 0x00, 0x00, 0x00, 0x00, 0x00, 0x00,
    0x00, 0x00, 0x00, 0x00, 0x00, 0x06, 0x00, 0x60, 0x06, 0x00, 0x60, 0x7f, 0xe7, 0xfe, 0x06, 0x00, 0x60, 0x06, 0x00, 0x60,
    0x06, 0x00, 0x00, 0x00, 0x00, 0x71, 0xe7, 0x86, 0x39, 0xc6, 0x00, 0x00, 0xf9, 0xf0, 0x00, 0x00, 0x00, 0x00, 0x73, 0x9c,
    0xe0, 0x06, 0x06, 0x06, 0x06, 0x0c, 0x0c, 0x0c, 0x08, 0x18, 0x18, 0x18, 0x30, 0x30, 0x30, 0x30, 0x60, 0x60, 0x60, 0x60,
    0xc0, 0x40, 0x0f, 0x01, 0xf8, 0x3f, 0xc3, 0x9c, 0x70, 0xe7, 0x0e, 0x70, 0xe7, 0x0e, 0x70, 0xe7, 0x0e, 0x70, 0xe7, 0x0e,
    0x39, 0xc3, 0xfc, 0x1f, 0x80, 0xf0, 0x07, 0x01, 0xf0, 0x3f, 0x00, 0x70, 0x07, 0x00, 0x70, 0x07, 0x00, 0x70, 0x07, 0x00,
    0x70, 0x07, 0x00, 0x70, 0x07, 0x00, 0x70, 0x3f, 0xe3, 0xfe, 0x1f, 0x03, 0xf8, 0x73, 0xc2, 0x1c, 0x01, 0xc0, 0x1c, 0x01,
    0xc0, 0x1c, 0x03, 0x80, 0x70, 0x07, 0x00, 0xe0, 0x1c, 0x03, 0x80, 0x7f, 0xe7, 0xfe, 0x1f, 0x07, 0xf8, 0x73, 0x80, 0x1c,
    0x01, 0xc0, 0x18, 0x07, 0x81, 0xf0, 0x1f, 0x80, 0x3c, 0x01, 0xc0, 0x1c, 0x41, 0xc7, 0x7c, 0x7f, 0x83, 0xf0, 0x03, 0xc0,
    0x7c, 0x07, 0xc0, 0xfc, 0x0d, 0xc1, 0xdc, 0x39, 0xc3, 0x9c, 0x71, 0xc7, 0x1c, 0xff, 0xef, 0xfe, 0x01, 0xc0, 0x1c, 0x01,
    0xc0, 0x1c, 0x3f, 0xc3, 0xfc, 0x38, 0x03, 0x80, 0x30, 0x03, 0x00, 0x3f, 0x83, 0xfc, 0x11, 0xc0, 0x0e, 0x00, 0xe0, 0x0e,
    0x01, 0xc7, 0xbc, 0x7f, 0x81, 0xf0, 0x0f, 0x81, 0xfe, 0x3c, 0xc3, 0x80, 0x70, 0x07, 0x00, 0x77, 0x87, 0xfc, 0x79, 0xe7,
    0x0e, 0x70, 0xe7, 0x0e, 0x38, 0xe3, 0xdc, 0x1f, 0xc0, 0xf8, 0x7f, 0xe7, 0xfe, 0x01, 0xc0, 0x1c, 0x01, 0x80, 0x38, 0x03,
    0x00, 0x70, 0x07, 0x00, 0x60, 0x0e, 0x00, 0xe0, 0x0e, 0x00, 0xe0, 0x0e, 0x00, 0xe0, 0x1f, 0x83, 0xfc, 0x39, 0xc7, 0x0e,
    0x70, 0xe3, 0x0c, 0x39, 0xc1, 0xf8, 0x1f, 0x83, 0x1c, 0x70, 0xe7, 0x0e, 0x70, 0xe7, 0x9e, 0x3f, 0xc1, 0xf8, 0x1f, 0x03,
    0xf8, 0x3b, 0xc7, 0x1c, 0x70, 0xe7, 0x0e, 0x70, 0xe7, 0xbe, 0x3f, 0xe1, 0xee, 0x00, 0xe0, 0x0e, 0x01, 0xc3, 0x3c, 0x7f,
    0x81, 0xf0, 0x73, 0x9c, 0xe0, 0x00, 0x00, 0x73, 0x9c, 0xe0, 0x71, 0xc7, 0x1c, 0x00, 0x00, 0x00, 0x01, 0xc7, 0x9e, 0x18,
    0xe7, 0x18, 0x00, 0x00, 0x00, 0x06, 0x01, 0xe0, 0x7e, 0x3f, 0x07, 0x80, 0x78, 0x03, 0xf0, 0x0f, 0xc0, 0x1e, 0x00, 0x60,
    0x00, 0x00, 0x00, 0x00, 0x7f, 0xe7, 0xfe, 0x00, 0x00, 0x00, 0x00, 0x00, 0x00, 0x7f, 0xe7, 0xfe, 0x00, 0x00, 0x00, 0x00,
    0x00, 0x00, 0x00, 0x06, 0x00, 0x78, 0x07, 0xe0, 0x0f, 0xc0, 0x1e, 0x01, 0xe0, 0xfc, 0x3f, 0x07, 0x80, 0x60, 0x00, 0x00,
    0x00, 0x00, 0x00, 0x1e, 0x1f, 0xc7, 0x78, 0x0e, 0x03, 0x80, 0xe0, 0x70, 0x38, 0x0c, 0x07, 0x00, 0x80, 0x00, 0x1c, 0x07,
    0x01, 0xc0, 0x70, 0x00, 0xfc, 0x00, 0x3f, 0xf0, 0x07, 0xcf, 0x80, 0xe0, 0x1c, 0x1c, 0x00, 0xc3, 0x80, 0x0e, 0x30, 0xfc,
    0x67, 0x1f, 0xc6, 0x61, 0x9c, 0x66, 0x39, 0x86, 0x63, 0x18, 0x66, 0x31, 0x8c, 0x63, 0x18, 0xc6, 0x3f, 0xf8, 0x71, 0xcf,
    0x03, 0x00, 0x00, 0x38, 0x00, 0x01, 0xe0, 0xc0, 0x0f, 0xfc, 0x00, 0x3f, 0x80, 0x00, 0x00, 0x00, 0x07, 0x00, 0x7c, 0x03,
    0xe0, 0x1b, 0x00, 0xdc, 0x0e, 0xe0, 0x77, 0x03, 0x18, 0x38, 0xe1, 0xc7, 0x0f, 0xf8, 0xff, 0xe7, 0x07, 0x38, 0x3b, 0x80,
    0xfc, 0x07, 0x3f, 0xc0, 0xff, 0x83, 0x9f, 0x0e, 0x1c, 0x38, 0x70, 0xe1, 0xc3, 0x9e, 0x0f, 0xf0, 0x3f, 0xf0, 0xe1, 0xc3,
    0x83, 0x8e, 0x0e, 0x38, 0x38, 0xe3, 0xc3, 0xff, 0x0f, 0xf0, 0x07, 0xc0, 0x7f, 0x87, 0x9c, 0x70, 0x43, 0x80, 0x38, 0x01,
    0xc0, 0x0e, 0x00, 0x70, 0x03, 0x80, 0x1c, 0x00, 0xf0, 0x03, 0x82, 0x0f, 0x38, 0x7f, 0xc0, 0xf8, 0x3f, 0x80, 0xff, 0x83,
    0x9f, 0x0e, 0x1c, 0x38, 0x38, 0xe0, 0xe3, 0x83, 0x8e, 0x0e, 0x38, 0x38, 0xe0, 0xe3, 0x83, 0x8e, 0x1e, 0x38, 0x70, 0xe7,
    0xc3, 0xfe, 0x0f, 0xe0, 0x3f, 0xe3, 0xfe, 0x38, 0x03, 0x80, 0x38, 0x03, 0x80, 0x38, 0x03, 0xfc, 0x3f, 0xc3, 0x80, 0x38,
    0x03, 0x80, 0x38, 0x03, 0x80, 0x3f, 0xe3, 0xfe, 0x3f, 0xe3, 0xfe, 0x38, 0x03, 0x80, 0x38, 0x03, 0x80, 0x38, 0x03, 0xfc,
    0x3f, 0xc3, 0x80, 0x38, 0x03, 0x80, 0x38, 0x03, 0x80, 0x38, 0x03, 0x80, 0x07, 0xe0, 0x3f, 0xc1, 0xe7, 0x0e, 0x00, 0x38,
    0x01, 0xc0, 0x07, 0x00, 0x1c, 0x7e, 0x71, 0xf9, 0xc0, 0xe7, 0x03, 0x8e, 0x0e, 0x38, 0x38, 0x79, 0xe0, 0xff, 0x81, 0xf8,
    0x38, 0x38, 0x70, 0x70, 0xe0, 0xe1, 0xc1, 0xc3, 0x83, 0x87, 0x07, 0x0e, 0x0e, 0x1f, 0xfc, 0x3f, 0xf8, 0x70, 0x70, 0xe0,
    0xe1, 0xc1, 0xc3, 0x83, 0x87, 0x07, 0x0e, 0x0e, 0x1c, 0x1c, 0x38, 0x70, 0xe1, 0xc3, 0x87, 0x0e, 0x1c, 0x38, 0x70, 0xe1,
    0xc3, 0x87, 0x0e, 0x1c, 0x01, 0xc0, 0x1c, 0x01, 0xc0, 0x1c, 0x01, 0xc0, 0x1c, 0x01, 0xc0, 0x1c, 0x01, 0xc0, 0x1c, 0x01,
    0xc0, 0x1c, 0x21, 0xc7, 0x78, 0x7f, 0x81, 0xf0, 0x38, 0x38, 0xe1, 0xc3, 0x8e, 0x0e, 0x70, 0x39, 0xc0, 0xee, 0x03, 0xf8,
    0x0f, 0xe0, 0x3f, 0xc0, 0xf7, 0x03, 0x8e, 0x0e, 0x38, 0x38, 0x70, 0xe1, 0xc3, 0x83, 0x8e, 0x0f, 0x38, 0x03, 0x80, 0x38,
    0x03, 0x80, 0x38, 0x03, 0x80, 0x38, 0x03, 0x80, 0x38, 0x03, 0x80, 0x38, 0x03, 0x80, 0x38, 0x03, 0x80, 0x3f, 0xe3, 0xfe,
    0x38, 0x0e, 0x1e, 0x0f, 0x0f, 0x07, 0x87, 0x83, 0xc3, 0xe3, 0xe1, 0xf1, 0xf0, 0xf8, 0xf8, 0x7e, 0xfc, 0x3b, 0x6e, 0x1d,
    0xb7, 0x0e, 0xfb, 0x87, 0x39, 0xc3, 0x9c, 0xe1, 0xce, 0x70, 0xe2, 0x38, 0x70, 0x1c, 0x38, 0x38, 0x78, 0x70, 0xf0, 0xe1,
    0xf1, 0xc3, 0xe3, 0x87, 0xe7, 0x0e, 0xce, 0x1d, 0xdc, 0x3b, 0xb8, 0x73, 0x70, 0xe7, 0xe1, 0xc7, 0xc3, 0x8f, 0x87, 0x0f,
    0x0e, 0x1e, 0x1c, 0x1c, 0x07, 0xc0, 0x3f, 0xe0, 0xfb, 0xe1, 0xc1, 0xc7, 0x01, 0xce, 0x03, 0x9c, 0x07, 0x38, 0x0e, 0x70,
    0x1c, 0xe0, 0x39, 0xc0, 0x73, 0xc1, 0xe3, 0x83, 0x83, 0xde, 0x07, 0xfc, 0x03, 0xe0, 0x3f, 0xc0, 0xff, 0x83, 0x8f, 0x0e,
    0x1e, 0x38, 0x38, 0xe0, 0xe3, 0x83, 0x8e, 0x1c, 0x3f, 0xf0, 0xff, 0x03, 0x80, 0x0e, 0x00, 0x38, 0x00, 0xe0, 0x03, 0x80,
    0x0e, 0x00, 0x07, 0xc0, 0x3f, 0xe0, 0xfb, 0xe1, 0xc1, 0xc7, 0x01, 0xce, 0x03, 0x9c, 0x07, 0x38, 0x0e, 0x70, 0x1c, 0xe0,
    0x39, 0xc0, 0x73, 0x81, 0xe3, 0x83, 0x83, 0xde, 0x07, 0xfc, 0x03, 0xe0, 0x03, 0x80, 0x03, 0x80, 0x07, 0xd0, 0x07, 0xe0,
    0x03, 0xc0, 0x3f, 0xc0, 0xff, 0xc3, 0x8f, 0x0e, 0x0e, 0x38, 0x38, 0xe0, 0xe3, 0x87, 0x8e, 0x3c, 0x3f, 0xe0, 0xff, 0x03,
    0x9c, 0x0e, 0x38, 0x38, 0xe0, 0xe1, 0xc3, 0x87, 0x8e, 0x0e, 0x1f, 0x83, 0xfc, 0x79, 0xc7, 0x00, 0x70, 0x07, 0x80, 0x7e,
    0x03, 0xf8, 0x0f, 0xc0, 0x3e, 0x00, 0xe0, 0x0e, 0x60, 0xe7, 0x9e, 0x7f, 0xc1, 0xf0, 0x7f, 0xf3, 0xff, 0x81, 0xc0, 0x0e,
    0x00, 0x70, 0x03, 0x80, 0x1c, 0x00, 0xe0, 0x07, 0x00, 0x38, 0x01, 0xc0, 0x0e, 0x00, 0x70, 0x03, 0x80, 0x1c, 0x00, 0xe0,
    0x38, 0x38, 0x70, 0x70, 0xe0, 0xe1, 0xc1, 0xc3, 0x83, 0x87, 0x07, 0x0e, 0x0e, 0x1c, 0x1c, 0x38, 0x38, 0x70, 0x70, 0xe0,
    0xe1, 0xc1, 0xc3, 0x87, 0x83, 0xde, 0x03, 0xf8, 0x03, 0xe0, 0x70, 0x39, 0xc0, 0xe3, 0x03, 0x8e, 0x0c, 0x38, 0x70, 0xe1,
    0xc1, 0x86, 0x07, 0x18, 0x1c, 0xe0, 0x33, 0x80, 0xcc, 0x03, 0xb0, 0x0f, 0xc0, 0x1e, 0x00, 0x78, 0x01, 0xe0, 0xe0, 0xc1,
    0xd8, 0x38, 0x67, 0x1e, 0x19, 0xc7, 0x8e, 0x71, 0xe3, 0x9c, 0x7c, 0xe7, 0x3f, 0x38, 0xcc, 0xcc, 0x3b, 0x33, 0x0e, 0xcc,
    0xc3, 0xb3, 0xf0, 0xfc, 0xfc, 0x1e, 0x1f, 0x07, 0x87, 0x81, 0xe1, 0xe0, 0x78, 0x78, 0x70, 0x77, 0x0e, 0x38, 0xe3, 0x9c,
    0x1d, 0xc1, 0xf8, 0x0f, 0x80, 0xf0, 0x0f, 0x01, 0xf8, 0x1f, 0x83, 0x9c, 0x39, 0xc7, 0x0e, 0x70, 0xee, 0x07, 0x70, 0x73,
    0x83, 0x8c, 0x38, 0x71, 0xc3, 0x9c, 0x0e, 0xe0, 0x76, 0x01, 0xf0, 0x0f, 0x00, 0x38, 0x01, 0xc0, 0x0e, 0x00, 0x70, 0x03,
    0x80, 0x1c, 0x00, 0xe0, 0x3f, 0xf1, 0xff, 0x80, 0x3c, 0x01, 0xc0, 0x1c, 0x00, 0xe0, 0x0e, 0x00, 0xf0, 0x07, 0x00, 0x70,
    0x07, 0x80, 0x38, 0x03, 0xc0, 0x3c, 0x01, 0xff, 0xcf, 0xfe, 0x3e, 0x7c, 0xc1, 0x83, 0x06, 0x0c, 0x18, 0x30, 0x60, 0xc1,
    0x83, 0x06, 0x0c, 0x18, 0x30, 0x60, 0xc1, 0xf3, 0xe0, 0xe0, 0x60, 0x60, 0x60, 0x30, 0x30, 0x30, 0x30, 0x18, 0x18, 0x18,
    0x18, 0x0c, 0x0c, 0x0c, 0x0c, 0x06, 0x06, 0x06, 0x06, 0x02, 0xf9, 0xf0, 0x60, 0xc1, 0x83, 0x06, 0x0c, 0x18, 0x30, 0x60,
    0xc1, 0x83, 0x06, 0x0c, 0x18, 0x30, 0x67, 0xcf, 0x80, 0x06, 0x00, 0xe0, 0x0f, 0x01, 0xf0, 0x1b, 0x01, 0x98, 0x39, 0x83,
    0x1c, 0x30, 0xc7, 0x0c, 0x00, 0x00, 0x00, 0x00, 0x00, 0x00, 0x00, 0x00, 0x00, 0x00, 0x00, 0x00, 0x03, 0xff, 0x9f, 0xfc,
    0x00, 0x01, 0x80, 0x1c, 0x01, 0xc0, 0x0e, 0x00, 0x60, 0x00, 0x00, 0x00, 0x00, 0x00, 0x00, 0x00, 0x00, 0x00, 0x00, 0x00,
    0x00, 0x00, 0x00, 0x00, 0x00, 0x00, 0x00, 0x00, 0x00, 0x00, 0x1f, 0x07, 0xf0, 0xef, 0x00, 0xe0, 0x3c, 0x3f, 0x8f, 0x73,
    0x8e, 0x71, 0xcf, 0x79, 0xff, 0x1e, 0x60, 0x38, 0x01, 0xc0, 0x0e, 0x00, 0x70, 0x03, 0x80, 0x1d, 0xe0, 0xff, 0x87, 0x9c,
    0x38, 0x71, 0xc3, 0x8e, 0x1c, 0x70, 0xe3, 0x87, 0x1c, 0x38, 0xf7, 0x87, 0xfc, 0x37, 0x80, 0x0f, 0x83, 0xf8, 0xf6, 0x3c,
    0x07, 0x00, 0xe0, 0x1c, 0x03, 0x80, 0x78, 0x07, 0xb0, 0x7f, 0x07, 0xc0, 0x00, 0xe0, 0x07, 0x00, 0x38, 0x01, 0xc0, 0x0e,
    0x07, 0x70, 0xff, 0x87, 0xbc, 0x70, 0xe3, 0x87, 0x1c, 0x38, 0xe1, 0xc7, 0x0e, 0x38, 0x70, 0xf7, 0x87, 0xfc, 0x1e, 0x60,
    0x0f, 0x03, 0xf8, 0x7b, 0xc7, 0x0c, 0x60, 0xef, 0xfe, 0xff, 0xe6, 0x00, 0x70, 0x07, 0xdc, 0x3f, 0xc0, 0xf8, 0x0f, 0x1f,
    0x3c, 0x38, 0x38, 0xfe, 0xfe, 0x38, 0x38, 0x38, 0x38, 0x38, 0x38, 0x38, 0x38, 0x38, 0x38, 0x1f, 0xf3, 0xff, 0x3b, 0xc7,
    0x1c, 0x71, 0xc3, 0x9c, 0x3f, 0x83, 0xf8, 0x70, 0x07, 0x80, 0x3f, 0xe3, 0xff, 0x70, 0x77, 0x07, 0x79, 0xe7, 0xfc, 0x1f,
    0x80, 0x38, 0x01, 0xc0, 0x0e, 0x00, 0x70, 0x03, 0x80, 0x1d, 0xe0, 0xff, 0x87, 0xdc, 0x38, 0x71, 0xc3, 0x8e, 0x1c, 0x70,
    0xe3, 0x87, 0x1c, 0x38, 0xe1, 0xc7, 0x0e, 0x38, 0x70, 0x30, 0xe3, 0x00, 0x00, 0xe3, 0x8e, 0x38, 0xe3, 0x8e, 0x38, 0xe3,
    0x8e, 0x38, 0x1c, 0x38, 0x70, 0x00, 0x03, 0x87, 0x0e, 0x1c, 0x38, 0x70, 0xe1, 0xc3, 0x87, 0x0e, 0x1c, 0x38, 0x70, 0xe7,
    0x8e, 0x00, 0x38, 0x01, 0xc0, 0x0e, 0x00, 0x70, 0x03, 0x80, 0x1c, 0x70, 0xe3, 0x87, 0x38, 0x3b, 0x81, 0xf8, 0x0f, 0xc0,
    0x7f, 0x03, 0xdc, 0x1c, 0xe0, 0xe3, 0x87, 0x1c, 0x38, 0x70, 0x38, 0x70, 0xe1, 0xc3, 0x87, 0x0e, 0x1c, 0x38, 0x70, 0xe1,
    0xc3, 0x87, 0x0e, 0x1e, 0x1c, 0x33, 0xcf, 0x07, 0xff, 0xf0, 0xf7, 0xfe, 0x1c, 0x71, 0xc3, 0x8e, 0x38, 0x71, 0xc3, 0x0e,
    0x38, 0x61, 0xc7, 0x0c, 0x38, 0xe1, 0x87, 0x1c, 0x30, 0xe3, 0x86, 0x1c, 0x70, 0xc0, 0x33, 0xc1, 0xff, 0x0f, 0xb8, 0x70,
    0xe3, 0x87, 0x1c, 0x38, 0xe1, 0xc7, 0x0e, 0x38, 0x71, 0xc3, 0x8e, 0x1c, 0x70, 0xe0, 0x0f, 0x80, 0xfe, 0x0f, 0x78, 0xe1,
    0xc7, 0x07, 0x38, 0x39, 0xc1, 0xce, 0x0e, 0x70, 0xe1, 0xef, 0x07, 0xf0, 0x1f, 0x00, 0x33, 0xc1, 0xff, 0x0f, 0x38, 0x70,
    0xe3, 0x87, 0x1c, 0x38, 0xe1, 0xc7, 0x0e, 0x38, 0x71, 0xef, 0x0f, 0xf8, 0x77, 0x03, 0x80, 0x1c, 0x00, 0xe0, 0x07, 0x00,
    0x38, 0x00, 0x0f, 0x61, 0xff, 0x0f, 0x78, 0xe1, 0xc7, 0x0e, 0x38, 0x71, 0xc3, 0x8e, 0x1c, 0x70, 0xe1, 0xef, 0x0f, 0xf8,
    0x3d, 0xc0, 0x0e, 0x00, 0x70, 0x03, 0x80, 0x1c, 0x00, 0xe0, 0x33, 0x9f, 0xcf, 0x87, 0x03, 0x81, 0xc0, 0xe0, 0x70, 0x38,
    0x1c, 0x0e, 0x07, 0x00, 0x1e, 0x0f, 0xe7, 0xb1, 0xc0, 0x78, 0x0f, 0x80, 0xf0, 0x0e, 0x03, 0x9d, 0xe7, 0xf0, 0xf8, 0x18,
    0x0c, 0x0e, 0x0f, 0xe7, 0xf1, 0xc0, 0xe0, 0x70, 0x38, 0x1c, 0x0e, 0x07, 0x03, 0xc0, 0xf8, 0x3c, 0x38, 0x71, 0xc3, 0x8e,
    0x1c, 0x70, 0xe3, 0x87, 0x1c, 0x38, 0xe1, 0xc7, 0x0e, 0x38, 0xf1, 0xff, 0x87, 0xfc, 0x3e, 0xe0, 0xe0, 0xec, 0x1d, 0xc3,
    0x38, 0xe3, 0x1c, 0x73, 0x0e, 0xe0, 0xdc, 0x1b, 0x03, 0xe0, 0x3c, 0x07, 0x00, 0x61, 0xc3, 0x38, 0xe3, 0x9c, 0x71, 0xce,
    0x7c, 0xe3, 0x36, 0x61, 0x9b, 0x30, 0xed, 0xb8, 0x7e, 0xfc, 0x1e, 0x3c, 0x0f, 0x1e, 0x07, 0x8f, 0x03, 0xc7, 0x80, 0x71,
    0xce, 0x38, 0xee, 0x1d, 0xc1, 0xf0, 0x1c, 0x07, 0x80, 0xf8, 0x3b, 0x86, 0x71, 0xc7, 0x70, 0xe0, 0xe0, 0xee, 0x1d, 0xc3,
    0x38, 0xe3, 0x1c, 0x73, 0x06, 0xe0, 0xdc, 0x1f, 0x01, 0xe0, 0x3c, 0x07, 0x00, 0xe0, 0x1c, 0x07, 0x03, 0xe0, 0x70, 0x00,
    0x3f, 0xc7, 0xf8, 0x0e, 0x01, 0xc0, 0x70, 0x1e, 0x03, 0x80, 0xe0, 0x3c, 0x07, 0x01, 0xff, 0x3f, 0xe0, 0x1c, 0x78, 0xe1,
    0xc3, 0x87, 0x0e, 0x1c, 0x38, 0xf3, 0xc7, 0x87, 0x87, 0x0e, 0x1c, 0x38, 0x70, 0xe1, 0xe1, 0xc0, 0x30, 0xc3, 0x0c, 0x30,
    0xc3, 0x0c, 0x30, 0xc3, 0x0c, 0x30, 0xc3, 0x0c, 0x30, 0xc3, 0x0c, 0x30, 0xc3, 0x0c, 0x78, 0x78, 0x1c, 0x1c, 0x1c, 0x1c,
    0x1c, 0x1c, 0x1c, 0x1c, 0x0e, 0x0e, 0x1e, 0x1c, 0x1c, 0x1c, 0x1c, 0x1c, 0x1c, 0x7c, 0x78, 0x3c, 0x07, 0xee, 0x6f, 0xc0,
    0x38, 0x00, 0x00, 0x00, 0x00, 0x00, 0x00, 0x00, 0x00, 0x00, 0x3c, 0x66, 0x42, 0x42, 0x66, 0x3c, 0x00, 0x00, 0x00, 0x00,
    0x00, 0x00, 0x00, 0x00, 0x00, 0x00, 0x30, 0x60, 0xc3, 0x87, 0x0e, 0x30, 0x60, 0xc0, 0x00, 0x00, 0x00, 0x00, 0x00, 0x00,
    0x00, 0x00, 0x00, 0x00, 0x00, 0x00, 0x00, 0x00, 0x00, 0x10, 0x00, 0x07, 0xc0, 0xf8, 0x66, 0x1f, 0xe4, 0x63, 0xce, 0x46,
    0x70, 0x07, 0xef, 0x00, 0x3c, 0xe0, 0x00, 0x0e, 0x00, 0x00, 0xe0, 0x00, 0x0e, 0x00, 0x00, 0xe0, 0x00, 0x0f, 0x00, 0x00,
    0x70, 0x00, 0x07, 0x8e, 0x00, 0x3f, 0xe0, 0x01, 0xfc, 0x00, 0x00, 0x00, 0x7f, 0xff, 0xe7, 0xff, 0xfe, 0x00, 0x00, 0x00,
    0x00, 0x00, 0x00, 0x00, 0x00, 0x00, 0x00, 0x00, 0x00, 0x00, 0x00, 0x00, 0x00, 0x00, 0x00, 0x01, 0x80, 0x00, 0x18, 0x00,
    0x01, 0x80, 0x00, 0x18, 0x00, 0x01, 0x80, 0x00, 0x18, 0x1e, 0x03, 0xff, 0xe3, 0xff, 0xfc, 0x7f, 0xf0, 0x07, 0xb8, 0x00,
    0x01, 0x80, 0x00, 0x18, 0x00, 0x01, 0x80, 0x40, 0x18, 0x0e, 0x01, 0x80, 0xe0, 0x18, 0x0e, 0x01, 0xff, 0xc0, 0x0f, 0xf8,
    0x00, 0x00, 0x00, 0x3f, 0xff, 0x83, 0xff, 0xf8, 0x00, 0x00, 0x00, 0x00, 0x00, 0x00, 0x00, 0x00, 0x00, 0x00, 0x00, 0x00,
    0x01, 0xff, 0xf0, 0x1f, 0xff, 0x00, 0x00, 0x00, 0x00, 0x00, 0x00, 0x00, 0x00, 0x00, 0x00, 0x07, 0xff, 0xfe, 0x7f, 0xff,
    0xe0, 0x00, 0x00, 0x00, 0xc0, 0x00, 0x0c, 0x00, 0x00, 0xc0, 0x00, 0x0c, 0x00, 0x00, 0xc0, 0x00, 0x0c, 0x00, 0x00, 0xff,
    0x80, 0x0f, 0xf8, 0x00, 0xc0, 0x00, 0x0c, 0x00, 0x00, 0xc0, 0x00, 0x0c, 0x00, 0x00, 0xc0, 0x00, 0x0c, 0x00, 0x00, 0xc0,
    0x00, 0x0c, 0x00, 0xff, 0xff, 0xef, 0xff, 0xfe, 0x00, 0x80, 0x00, 0x1c, 0x00, 0x01, 0xc0, 0x03, 0xff, 0xfe, 0x3f, 0xff,
    0xe0, 0x73, 0x00, 0x07, 0x30, 0x00, 0xe3, 0x00, 0x1f, 0xff, 0xc1, 0xff, 0xfc, 0x10, 0x30, 0x00, 0x03, 0x00, 0x0e, 0x33,
    0x00, 0xc3, 0x38, 0x0c, 0x31, 0xc1, 0x83, 0x1e, 0x38, 0x30, 0xe3, 0x1f, 0x06, 0x00, 0xe0, 0x00, 0x00, 0x00, 0x01, 0xff,
    0xf8, 0x1f, 0xff, 0x80, 0x00, 0x00, 0x00, 0x00, 0x00, 0x00, 0x00, 0x00, 0x00, 0x00, 0x00, 0x00, 0x00, 0x00, 0x00, 0x00,
    0x00, 0x00, 0x00, 0x00, 0x00, 0x00, 0x7f, 0xff, 0xe7, 0xff, 0xfe, 0x7f, 0xff, 0xe0, 0x00, 0x00, 0x01, 0xff, 0xf8, 0x1f,
    0xff, 0x80, 0x00, 0x00, 0x00, 0x00, 0x00, 0x00, 0x00, 0x7f, 0xff, 0xe7, 0xff, 0xfe, 0x03, 0xc0, 0x00, 0x38, 0x00, 0x07,
    0x0e, 0x00, 0x70, 0x70, 0x0e, 0x07, 0x01, 0xc0, 0x78, 0x3f, 0xff, 0xc3, 0xff, 0xfc, 0x3c, 0x00, 0xe0, 0x00, 0x00, 0x00,
    0x00, 0x03, 0xff, 0xfc, 0x3f, 0xff, 0xc0, 0x0c, 0x00, 0x01, 0xc0, 0x00, 0x1c, 0x00, 0x01, 0xc0, 0x01, 0xff, 0xf0, 0x1f,
    0xff, 0x00, 0x18, 0x70, 0x03, 0x87, 0x00, 0x38, 0x60, 0x03, 0x86, 0x00, 0x38, 0x60, 0x03, 0x06, 0x07, 0xff, 0xfe, 0x7f,
    0xff, 0xe0, 0x00, 0x00, 0x00, 0x0e, 0x00, 0x00, 0x60, 0x07, 0xff, 0xfe, 0x7f, 0xff, 0xe0, 0x00, 0x00, 0x00, 0x00, 0x01,
    0xff, 0xf8, 0x1f, 0xff, 0x81, 0xc0, 0x38, 0x1c, 0x03, 0x81, 0xff, 0xf8, 0x1f, 0xff, 0x80, 0x06, 0x00, 0x0c, 0x63, 0x01,
    0xc6, 0x70, 0x38, 0x63, 0x87, 0x06, 0x1c, 0x63, 0xe0, 0xc0, 0x3c, 0x00, 0x00, 0x00, 0x00, 0x00, 0x00, 0x00, 0x06, 0x00,
    0x00, 0xf0, 0x00, 0x1f, 0x80, 0x03, 0xfc, 0x00, 0x79, 0xe0, 0x1f, 0x07, 0x83, 0xce, 0x3e, 0x78, 0xf1, 0xe6, 0x03, 0x86,
    0x00, 0x30, 0x01, 0xff, 0xfc, 0x1f, 0xff, 0x80, 0x00, 0x70, 0x00, 0x0f, 0x00, 0x01, 0xe0, 0x00, 0x1c, 0x00, 0x03, 0x80,
    0x00, 0x70, 0x00, 0x02, 0x00, 0x00, 0x00, 0x00, 0xe0, 0x7c, 0x0c, 0xff, 0xc1, 0xdf, 0xe0, 0x19, 0xc6, 0x03, 0x9c, 0x60,
    0x39, 0xc6, 0x07, 0x9c, 0x60, 0xf9, 0xff, 0xf7, 0x9f, 0xff, 0x59, 0xc7, 0x01, 0x9c, 0x30, 0x19, 0xc3, 0x01, 0x9c, 0x30,
    0x19, 0xcb, 0xa1, 0x9c, 0xfb, 0x19, 0xfd, 0xf1, 0xbf, 0xfe, 0x19, 0x84, 0xe0, 0x00, 0x00, 0x00, 0x00, 0x00, 0x0c, 0x00,
    0x00, 0xe0, 0x00, 0x06, 0x00, 0x00, 0x70, 0x00, 0x06, 0x00, 0x7f, 0xff, 0xe7, 0xff, 0xfe, 0x00, 0x00, 0x00, 0x00, 0x00,
    0x03, 0x0c, 0x00, 0x70, 0xe0, 0x0f, 0x07, 0x00, 0xe0, 0x70, 0x1c, 0x03, 0x81, 0xc0, 0x3c, 0x38, 0x01, 0xc7, 0x00, 0x0e,
    0x30, 0x00, 0xc0, 0x00, 0x00, 0x00, 0x0c, 0x00, 0x00, 0x60, 0x1c, 0x03, 0x00, 0xf0, 0x18, 0x01, 0x80, 0xc6, 0x05, 0xf7,
    0x70, 0x0f, 0xbf, 0x00, 0x1d, 0xf0, 0x00, 0xef, 0x00, 0x47, 0x78, 0x07, 0x33, 0xc0, 0x33, 0x9b, 0x03, 0x9c, 0xdc, 0x19,
    0xc6, 0x71, 0xdc, 0x33, 0xcc, 0xe1, 0x8e, 0x02, 0x0c, 0x20, 0x03, 0xe0, 0x00, 0x1e, 0x00, 0x00, 0x20, 0x00, 0x07, 0x00,
    0x60, 0x70, 0x07, 0x3f, 0xfe, 0x3b, 0xff, 0xe3, 0x8e, 0x00, 0x18, 0xcc, 0x00, 0x1c, 0xc0, 0x01, 0x8c, 0x00, 0x3f, 0xfc,
    0x01, 0xff, 0xc1, 0x80, 0xc0, 0x18, 0x8c, 0x83, 0x9c, 0xdc, 0x31, 0x8c, 0xc7, 0x38, 0xce, 0x67, 0x0c, 0x66, 0x27, 0xc4,
    0x00, 0x38, 0x00, 0x03, 0x18, 0x00, 0x18, 0xc0, 0x00, 0xc6, 0x00, 0x06, 0x30, 0x00, 0x31, 0x8e, 0x3f, 0x8c, 0xf1, 0xfc,
    0x7f, 0x00, 0x63, 0xe0, 0x03, 0x1c, 0x00, 0x18, 0xc0, 0x00, 0xc6, 0x00, 0x06, 0x30, 0x00, 0x31, 0x80, 0x0f, 0x8c, 0x19,
    0xfc, 0x60, 0xcf, 0x63, 0x06, 0x63, 0x1c, 0x70, 0x18, 0xff, 0x00, 0xc3, 0xf8, 0x00, 0x00, 0x00, 0x3f, 0xff, 0xe3, 0xff,
    0xfe, 0x30, 0x00, 0x03, 0x00, 0x30, 0x33, 0x07, 0x03, 0x3c, 0x60, 0x31, 0xee, 0x03, 0x07, 0xc0, 0x30, 0x38, 0x03, 0x07,
    0xc0, 0x31, 0xee, 0x03, 0x3c, 0x78, 0x37, 0x83, 0x83, 0x20, 0x10, 0x30, 0x00, 0x03, 0xff, 0xfe, 0x3f, 0xff, 0xe0, 0x00,
    0x00, 0x00, 0x60, 0x00, 0x06, 0x00, 0x7f, 0xff, 0xe7, 0xff, 0xfe, 0x00, 0x60, 0x00, 0x0f, 0x08, 0x3f, 0xff, 0xc3, 0xff,
    0xfc, 0x33, 0x8c, 0xc3, 0x19, 0x8c, 0x33, 0xfe, 0xc3, 0x7f, 0xec, 0x30, 0x60, 0xc3, 0x7f, 0xec, 0x37, 0xfe, 0xc3, 0x06,
    0x0c, 0x30, 0x60, 0xc3, 0x06, 0x7c, 0x30, 0x07, 0xc0, 0x00, 0x00, 0x03, 0xff, 0xfe, 0x3f, 0xff, 0xe3, 0x00, 0x00, 0x30,
    0x30, 0x03, 0x03, 0x00, 0x30, 0x30, 0x03, 0x03, 0x00, 0x37, 0xff, 0xc3, 0x7f, 0xfc, 0x30, 0x30, 0x03, 0x03, 0x30, 0x30,
    0x33, 0x87, 0x03, 0x18, 0x70, 0x30, 0x86, 0x03, 0x00, 0x7f, 0xff, 0xee, 0xff, 0xfe, 0x00, 0x00, 0x00, 0x1f, 0xff, 0xc1,
    0xff, 0xfc, 0x18, 0x60, 0xc1, 0x86, 0x0c, 0x1b, 0xfc, 0xc1, 0xbf, 0xcc, 0x18, 0x60, 0xc1, 0xff, 0xec, 0x1f, 0xfe, 0xc1,
    0x80, 0x0c, 0x3b, 0xfc, 0xc3, 0xbf, 0xcc, 0x3b, 0x0c, 0xc3, 0x3f, 0xcc, 0x73, 0xfc, 0xc7, 0x30, 0x0c, 0x60, 0x07, 0xc2,
    0x00, 0x7c, 0x00, 0x00, 0x00, 0x3f, 0xff, 0xe3, 0xff, 0xfe, 0x3f, 0xff, 0xe3, 0x19, 0x8e, 0x31, 0x98, 0xe3, 0x19, 0x8e,
    0x31, 0x98, 0xe3, 0x39, 0x8e, 0x33, 0x98, 0xe3, 0x71, 0xfe, 0x3f, 0x0f, 0xe3, 0x60, 0x0e, 0x30, 0x00, 0xe3, 0x00, 0x0e,
    0x3f, 0xff, 0xe3, 0xff, 0xfe, 0x30, 0x00, 0xe3, 0x00, 0x00, 0x18, 0x00, 0x01, 0x8c, 0x0c, 0x18, 0xcc, 0xc1, 0x8c, 0xcc,
    0x18, 0xcc, 0xc7, 0xfc, 0xcc, 0x7f, 0xcc, 0xc1, 0x8c, 0xcc, 0x18, 0xcc, 0xc1, 0x8c, 0xcc, 0x18, 0xcc, 0xc1, 0x8c, 0xcc,
    0x1f, 0xcc, 0xc3, 0xfc, 0xcc, 0xfd, 0xcc, 0xc6, 0x1c, 0xcc, 0x01, 0x80, 0xc0, 0x38, 0x0c, 0x01, 0x00, 0xc0, 0x00, 0x00,
    0x00, 0x40, 0x00, 0x0e, 0x00, 0x03, 0xff, 0x00, 0x7f, 0xf0, 0x3e, 0x0e, 0x03, 0xb1, 0xc0, 0x03, 0xf8, 0x00, 0x3f, 0xc0,
    0x3f, 0xdc, 0x03, 0xe3, 0xfe, 0x20, 0xff, 0xe0, 0x3c, 0x1e, 0x0f, 0xa3, 0xc0, 0xe7, 0x78, 0x00, 0x3f, 0x00, 0x0f, 0xc0,
    0x3f, 0xf0, 0x07, 0xf8, 0x00, 0x38, 0x00, 0x00, 0x3f, 0xff, 0xc3, 0xff, 0xfc, 0x3f, 0xff, 0xc0, 0x06, 0x00, 0x00, 0x60,
    0x00, 0x06, 0x00, 0x00, 0xe0, 0x07, 0xff, 0xfe, 0x7f, 0xff, 0xe0, 0x0f, 0x00, 0x01, 0xf0, 0x00, 0x1f, 0x80, 0x03, 0x9c,
    0x00, 0x70, 0xe0, 0x0f, 0x0f, 0x83, 0xc0, 0x3e, 0x78, 0x01, 0xe2, 0x00, 0x04, 0x00, 0x00, 0x00, 0x0e, 0x00, 0x00, 0x60,
    0x03, 0xff, 0xfe, 0x3f, 0xff, 0xe3, 0x00, 0x0e, 0x30, 0xe0, 0xe0, 0x1c, 0x00, 0x01, 0xc0, 0x07, 0xff, 0xfe, 0x7f, 0xff,
    0xe0, 0x70, 0xe0, 0x0e, 0x0e, 0x00, 0xf9, 0xc0, 0x07, 0xf8, 0x00, 0x0f, 0xc0, 0x01, 0xff, 0x01, 0xfc, 0xfc, 0x3f, 0x01,
    0xc1, 0x80, 0x0c, 0x00, 0x60, 0x00, 0x06, 0x00, 0x00, 0x60, 0x00, 0xc6, 0x30, 0x0c, 0x63, 0x81, 0xc6, 0x18, 0x18, 0x61,
    0xc3, 0x86, 0x0e, 0x30, 0x60, 0x67, 0x06, 0x06, 0x00, 0x61, 0x00, 0x06, 0x38, 0x00, 0x67, 0x00, 0x00, 0xe0, 0x00, 0x3c,
    0x00, 0x1f, 0x80, 0x7f, 0xe0, 0x07, 0xf0, 0x00, 0x20, 0x00, 0x00, 0x18, 0x01, 0x81, 0x86, 0x18, 0x18, 0x61, 0x81, 0x86,
    0x18, 0x18, 0x61, 0x81, 0x86, 0x18, 0x18, 0x61, 0x81, 0x86, 0x18, 0x18, 0x61, 0x81, 0x86, 0x18, 0x18, 0x61, 0x81, 0x86,
    0x18, 0x38, 0x61, 0x83, 0x86, 0x18, 0x30, 0x61, 0x87, 0x06, 0x18, 0x70, 0x01, 0x86, 0x00, 0x18, 0x00, 0x00, 0x00, 0x00,
    0x00, 0x00, 0x61, 0x8c, 0x06, 0x18, 0xc0, 0x61, 0x8c, 0x06, 0x18, 0xc3, 0x61, 0x8c, 0x37, 0x9e, 0xc3, 0x7d, 0xec, 0x36,
    0xdb, 0xc6, 0x6f, 0xbc, 0x66, 0xfb, 0xc0, 0xe1, 0x8c, 0x0e, 0x18, 0xc0, 0xc1, 0x8c, 0x1c, 0x18, 0xc1, 0xc1, 0x8c, 0x38,
    0x18, 0xc7, 0x01, 0x8c, 0x30, 0x00, 0xc0, 0x00, 0x00, 0x00, 0x00, 0x00, 0x0e, 0x00, 0x00, 0x60, 0x00, 0x07, 0x00, 0x7f,
    0xff, 0xe7, 0xff, 0xfe, 0x00, 0x60, 0x00, 0x06, 0x00, 0x1f, 0xff, 0xc1, 0xff, 0xfc, 0x18, 0x61, 0xc1, 0x86, 0x1c, 0x18,
    0x61, 0xc1, 0x86, 0x1c, 0x18, 0x61, 0xc1, 0x86, 0x1c, 0x18, 0x6f, 0xc1, 0x86, 0x78, 0x00, 0x60, 0x00, 0x06, 0x00, 0x00,
    0x00, 0x00, 0x07, 0x00, 0x00, 0x70, 0x00, 0x03, 0x00, 0x1f, 0xff, 0xe1, 0xff, 0xfe, 0x18, 0x00, 0x01, 0x80, 0x00, 0x18,
    0x00, 0x01, 0x80, 0x00, 0x18, 0x00, 0x01, 0x80, 0x00, 0x18, 0x00, 0x01, 0x80, 0x00, 0x38, 0x00, 0x03, 0x80, 0x00, 0x30,
    0x00, 0x07, 0x00, 0x00, 0x70, 0x00, 0x02, 0x00, 0x00, 0x00, 0x00, 0x00, 0x07, 0x00, 0x00, 0x70, 0x03, 0xff, 0xfe, 0x3f,
    0xff, 0xe3, 0x00, 0x00, 0x30, 0x18, 0x03, 0x03, 0x80, 0x30, 0x38, 0x03, 0x7f, 0xfe, 0x37, 0xff, 0xe3, 0x03, 0x80, 0x30,
    0x7c, 0x03, 0x07, 0xc0, 0x70, 0xee, 0x07, 0x0e, 0x70, 0x61, 0xc3, 0x86, 0x78, 0x1e, 0xef, 0x00, 0xe0, 0x40, 0x04, 0x00,
    0x60, 0x00, 0x06, 0x00, 0x3f, 0xff, 0xe3, 0xff, 0xfe, 0x31, 0x86, 0x03, 0x18, 0x60, 0x3f, 0xff, 0xc3, 0xff, 0xfc, 0x31,
    0x86, 0x03, 0x1f, 0xe0, 0x31, 0xfe, 0x03, 0x7f, 0xf8, 0x37, 0xff, 0x87, 0x38, 0x70, 0x71, 0xfe, 0x06, 0x0f, 0xc0, 0x6f,
    0xff, 0xee, 0xf8, 0xfc, 0x00, 0x00, 0x00, 0x00, 0x00, 0x00, 0x01, 0xb8, 0x00, 0x1b, 0xc0, 0x01, 0x8c, 0x1f, 0xff, 0xf1,
    0xff, 0xff, 0x18, 0x18, 0x01, 0x81, 0x80, 0x18, 0x1c, 0xc1, 0xfd, 0xcc, 0x1f, 0xdd, 0xc1, 0x8c, 0xd8, 0x18, 0xcf, 0x83,
    0x8c, 0xf0, 0x38, 0xcf, 0x23, 0xfc, 0xe3, 0x33, 0x9f, 0x33, 0x03, 0xfe, 0x70, 0x73, 0xe2, 0x06, 0x1c, 0x00, 0x00, 0x00,
    0x18, 0x00, 0x01, 0x8f, 0xfe, 0x18, 0xff, 0xe1, 0x8c, 0x06, 0x7e, 0xff, 0xe7, 0xef, 0xfe, 0x18, 0xff, 0xe1, 0x8c, 0x60,
    0x1a, 0xff, 0xe1, 0xef, 0xfe, 0x7e, 0xc6, 0x07, 0x8c, 0x60, 0x19, 0xff, 0xe1, 0x9f, 0xfe, 0x19, 0xf0, 0x61, 0x9b, 0x06,
    0x1b, 0xbf, 0xe7, 0xb3, 0xfe, 0x71, 0x30, 0x60, 0x00, 0x00, 0x06, 0x0c, 0x03, 0x6c, 0xc0, 0x36, 0xcc, 0x03, 0x68, 0xc0,
    0x7f, 0xff, 0xe7, 0xff, 0xfe, 0x1f, 0x9c, 0xc7, 0xef, 0xdc, 0x66, 0x3d, 0x80, 0xc3, 0xd8, 0x7f, 0xc7, 0x87, 0xfc, 0x78,
    0x19, 0xc7, 0x03, 0x98, 0x70, 0x1f, 0x0f, 0x80, 0xf9, 0xdc, 0x3f, 0xb8, 0xe7, 0x87, 0x06, 0x00, 0x20, 0x00, 0x00, 0x00,
    0x00, 0xc0, 0x08, 0x0e, 0x0f, 0xc7, 0xfd, 0xf8, 0x7f, 0xd8, 0x03, 0x19, 0x80, 0x3b, 0x98, 0x03, 0xb1, 0x80, 0x7f, 0xdf,
    0xe7, 0xfd, 0xfe, 0x06, 0x19, 0x87, 0xfd, 0x98, 0x7f, 0xd9, 0x80, 0x61, 0x98, 0x37, 0x99, 0x87, 0x6d, 0x98, 0x66, 0xf9,
    0x84, 0x63, 0x18, 0x1e, 0x71, 0x81, 0xc2, 0x18, 0x3f, 0xff, 0xc3, 0xff, 0xfe, 0x00, 0x60, 0x00, 0x06, 0x00, 0x00, 0x60,
    0x00, 0x06, 0x00, 0x7f, 0xff, 0xe7, 0xff, 0xfe, 0x7f, 0xff, 0xe0, 0x0f, 0x80, 0x01, 0xf8, 0x00, 0x1f, 0x80, 0x03, 0xb8,
    0x00, 0x7b, 0x86, 0x0f, 0x38, 0x61, 0xe3, 0x86, 0x7c, 0x1f, 0xe7, 0x81, 0xfc, 0x00, 0x00, 0x00, 0x1f, 0xff, 0x81, 0xff,
    0xf8, 0x1c, 0x01, 0x81, 0xc0, 0x18, 0x1c, 0x01, 0x81, 0xc0, 0x18, 0x1c, 0x01, 0x81, 0xff, 0xf8, 0x1f, 0xff, 0x81, 0xc0,
    0x18, 0x1c, 0x01, 0x81, 0xc0, 0x18, 0x1c, 0x01, 0x81, 0xc0, 0x18, 0x1f, 0xff, 0x81, 0xff, 0xf8, 0x1c, 0x01, 0x81, 0xc0,
    0x18, 0x00, 0x00, 0x00, 0x00, 0x01, 0x82, 0x00, 0x18, 0x7f, 0x01, 0x87, 0xf0, 0x18, 0x63, 0xff, 0xe6, 0x3f, 0xfe, 0x63,
    0x01, 0x87, 0xf2, 0x18, 0x7f, 0x71, 0x86, 0x33, 0x98, 0x63, 0x39, 0x86, 0x31, 0xd8, 0x63, 0x09, 0x87, 0xf0, 0x18, 0x7f,
    0x01, 0x86, 0x00, 0x18, 0x60, 0x01, 0x80, 0x01, 0xf8, 0x00, 0x1f, 0x00, 0x00, 0x00, 0x00, 0x10, 0x43, 0xfb, 0xfe, 0x3f,
    0xbf, 0xe3, 0x1b, 0x06, 0x31, 0xb0, 0x63, 0x1b, 0xfe, 0x3f, 0xbf, 0xe3, 0xfb, 0xfe, 0x31, 0xb0, 0x63, 0x1b, 0x06, 0x31,
    0xbf, 0xe3, 0xfb, 0xfe, 0x3f, 0xf0, 0x63, 0x07, 0x06, 0x30, 0x60, 0x60, 0x0e, 0x06, 0x00, 0xe0, 0x60, 0x1c, 0x3e, 0x00,
    0x83, 0xc0, 0x00, 0x00, 0x00, 0x00, 0x00, 0x00, 0xc0, 0x7e, 0xff, 0xc7, 0xef, 0xfe, 0x66, 0x0c, 0x06, 0x6f, 0xfc, 0x66,
    0x0c, 0x06, 0x7f, 0xfe, 0x7f, 0xff, 0xe7, 0xe0, 0x00, 0x66, 0x7f, 0xc6, 0x67, 0xfc, 0x66, 0x7f, 0xc6, 0x67, 0xfc, 0x7e,
    0x60, 0xc7, 0xe7, 0xfc, 0x60, 0x7f, 0xc6, 0x06, 0x0c, 0x00, 0x63, 0xc0, 0x06, 0x3c, 0x0c, 0x00, 0x47, 0xfd, 0xfe, 0x7f,
    0xff, 0x83, 0xb1, 0x80, 0x7f, 0xdf, 0xe7, 0xff, 0xfe, 0x07, 0x19, 0x81, 0xfd, 0x98, 0x7f, 0xf9, 0x80, 0x73, 0x18, 0x02,
    0x01, 0x01, 0xff, 0xf8, 0x1f, 0xff, 0x81, 0xc0, 0x38, 0x1f, 0xff, 0x81, 0xc0, 0x38, 0x1f, 0xff, 0x81, 0xff, 0xf8, 0x18,
    0x03, 0x80, 0x00, 0x00, 0x00, 0x00, 0x01, 0xff, 0xf8, 0x18, 0x03, 0x81, 0xff, 0xf8, 0x18, 0x03, 0x81, 0xff, 0xf8, 0x1f,
    0xff, 0x80, 0x70, 0xc0, 0x3f, 0xff, 0xc0, 0x70, 0xc0, 0x7f, 0xff, 0xe7, 0xff, 0xfe, 0x0e, 0x07, 0x03, 0xc6, 0x7c, 0x77,
    0x6e, 0xe0, 0x36, 0xc0, 0x0f, 0xfe, 0x03, 0xfe, 0x78, 0x11, 0xe1, 0x00, 0x00, 0x00, 0x7f, 0xff, 0xe7, 0xff, 0xfe, 0x00,
    0x60, 0x01, 0xff, 0xf8, 0x1f, 0xff, 0x81, 0x86, 0x18, 0x1f, 0xff, 0x81, 0xff, 0xf8, 0x18, 0x61, 0x81, 0x86, 0x18, 0x1f,
    0xff, 0x81, 0xff, 0xf8, 0x0c, 0xe0, 0x00, 0xfc, 0x00, 0x07, 0xc0, 0x00, 0xff, 0x00, 0x7f, 0xff, 0xe3, 0x81, 0xfe, 0x00,
    0x00, 0x00, 0x00, 0x00, 0x01, 0xff, 0xf0, 0x18, 0x03, 0x01, 0xff, 0xf0, 0x18, 0x03, 0x01, 0xff, 0xf0, 0x1f, 0xff, 0x00,
    0x00, 0x00, 0xff, 0xff, 0xe3, 0x98, 0x00, 0x3f, 0xbf, 0xc3, 0xfb, 0xfc, 0x31, 0xb9, 0xc3, 0xf9, 0x98, 0x3f, 0x9f, 0x03,
    0xfc, 0xf0, 0xff, 0xdf, 0x87, 0xdb, 0x9e, 0x01, 0xb0, 0xc0, 0x0f, 0xff, 0x00, 0xff, 0xf0, 0x0c, 0x03, 0x00, 0xc0, 0x30,
    0x0c, 0x03, 0x00, 0xff, 0xf0, 0x0f, 0xff, 0x00, 0xc0, 0x30, 0x0c, 0x03, 0x01, 0xc0, 0x30, 0x1f, 0xff, 0x01, 0xff, 0xf0,
    0x18, 0x03, 0x01, 0x80, 0x30, 0x38, 0x03, 0x07, 0x00, 0x30, 0x70, 0x3f, 0x06, 0x01, 0xe0, 0x00, 0x00, 0x00, 0x00, 0x00,
    0x00, 0x06, 0x00, 0x00, 0x60, 0x00, 0x06, 0x00, 0x1f, 0xff, 0xc1, 0xff, 0xfc, 0x00, 0x60, 0x00, 0x06, 0x00, 0x00, 0x60,
    0x07, 0xff, 0xfe, 0x7f, 0xff, 0xe0, 0x1f, 0x80, 0x01, 0xf8, 0x00, 0x3f, 0xc0, 0x0f, 0x6f, 0x01, 0xe6, 0x78, 0x7c, 0x63,
    0xe7, 0x86, 0x1e, 0x20, 0x60, 0x40, 0x06, 0x00, 0x00, 0x00, 0x00, 0xc1, 0xc0, 0x0c, 0x0c, 0x00, 0xc0, 0xc0, 0x0c, 0xff,
    0xe7, 0xff, 0xfe, 0x7f, 0x00, 0x00, 0xc0, 0x00, 0x1e, 0x7f, 0x81, 0xe7, 0xf8, 0x3f, 0x73, 0x83, 0xf7, 0x38, 0x7d, 0x73,
    0x86, 0xc7, 0x38, 0x6c, 0x63, 0x80, 0xc6, 0x3a, 0x0c, 0xe3, 0xb0, 0xcc, 0x3a, 0x0d, 0xc1, 0xe0, 0xd8, 0x1e, 0x00, 0x00,
    0x00, 0x18, 0x00, 0x01, 0x9f, 0xfe, 0x19, 0xff, 0xe1, 0x9b, 0x08, 0x7f, 0xf6, 0x87, 0xff, 0x78, 0x19, 0xb7, 0x81, 0xdb,
    0xf8, 0x3d, 0xff, 0xe3, 0xff, 0xfe, 0x3f, 0x81, 0x07, 0xda, 0x38, 0x79, 0xb3, 0x87, 0x9b, 0x78, 0x59, 0xff, 0x81, 0xbd,
    0xfa, 0x1b, 0x0d, 0xa1, 0x81, 0x9e, 0x18, 0x10, 0xe0, 0x00, 0x00, 0x00, 0x18, 0x03, 0xfd, 0xb8, 0x3f, 0xd9, 0xc0, 0x01,
    0x8c, 0x00, 0x18, 0x0f, 0xff, 0xfc, 0xff, 0xff, 0xc0, 0x31, 0x80, 0x03, 0x18, 0x03, 0x31, 0xc0, 0x33, 0xfc, 0x03, 0x3e,
    0xc0, 0x33, 0x0c, 0x03, 0x30, 0xc4, 0x33, 0x0e, 0x63, 0x7e, 0xe6, 0xff, 0xe7, 0xcf, 0xe0, 0x7c, 0x40, 0x03, 0x80, 0x00,
    0x00, 0x00, 0x00, 0xf0, 0x00, 0xff, 0x83, 0xff, 0xc0, 0x3f, 0xc0, 0x03, 0x0c, 0x00, 0x00, 0xcf, 0xc0, 0x7f, 0xfc, 0x3f,
    0xfc, 0x03, 0xfc, 0x00, 0x00, 0xc0, 0x60, 0x1f, 0xfe, 0x3f, 0xff, 0xc7, 0xfe, 0x00, 0x20, 0xc0, 0x40, 0x0c, 0x07, 0x00,
    0xc0, 0x60, 0x0f, 0xfe, 0x00, 0x7f, 0xc0, 0x06, 0x00, 0x00, 0xe0, 0x00, 0x0f, 0xff, 0xe1, 0xff, 0xfe, 0x18, 0x00, 0x03,
    0xff, 0xf8, 0x77, 0xff, 0x86, 0x00, 0x00, 0x1f, 0xff, 0x01, 0xff, 0xf0, 0x00, 0x07, 0x00, 0x00, 0x70, 0x00, 0x03, 0x00,
    0x00, 0x30, 0x00, 0x03, 0x20, 0x00, 0x32, 0x00, 0x03, 0xa0, 0x00, 0x1e, 0x00, 0x00, 0xe0, 0x00, 0x60, 0x00, 0x06, 0x00,
    0x00, 0x60, 0x00, 0x06, 0x00, 0x00, 0x61, 0x87, 0xf7, 0x3c, 0x7f, 0x77, 0x80, 0x77, 0xf0, 0x07, 0x7e, 0x00, 0x67, 0xc0,
    0x0e, 0x6c, 0x00, 0xe6, 0xe0, 0x1c, 0x67, 0x01, 0xc6, 0x38, 0x38, 0x61, 0xe7, 0x06, 0x0e, 0x20, 0xe0, 0x40, 0x3e, 0x00,
    0x01, 0xc0, 0x00, 0x30, 0x00, 0x03, 0xdf, 0xfc, 0x1d, 0xff, 0xc0, 0x4c, 0x0c, 0x00, 0xc0, 0xc0, 0x0e, 0x1c, 0x70, 0x61,
    0xc7, 0x86, 0x18, 0x18, 0x73, 0x80, 0x03, 0x30, 0x00, 0x3f, 0x00, 0xc1, 0xe0, 0x0c, 0x1e, 0x01, 0x81, 0xe0, 0x38, 0x7f,
    0x03, 0x0f, 0x3c, 0x73, 0xc1, 0xe2, 0x38, 0x06, 0x00, 0x00, 0x00, 0x00, 0x18, 0x03, 0x81, 0x80, 0x3c, 0x18, 0x00, 0xc1,
    0x98, 0x01, 0xd9, 0x80, 0x1d, 0x9c, 0x61, 0x98, 0xcf, 0x19, 0x8e, 0x3b, 0x98, 0xe1, 0x31, 0x8c, 0x07, 0x19, 0xc0, 0x81,
    0x98, 0x0c, 0x1b, 0x81, 0xc0, 0x70, 0x18, 0x0e, 0x03, 0x83, 0xc0, 0x70, 0xf8, 0x07, 0x7f, 0x00, 0x23, 0x80, 0x00, 0x00,
    0x00, 0x00, 0x18, 0x03, 0x81, 0x80, 0x3d, 0xff, 0xc0, 0xdf, 0xfc, 0x00, 0x18, 0xc0, 0x3f, 0xfe, 0x63, 0xff, 0xe7, 0x81,
    0x8c, 0x39, 0xff, 0xc0, 0x1f, 0xfc, 0x00, 0x18, 0x00, 0x9f, 0xfc, 0x1d, 0xff, 0xc1, 0x81, 0x80, 0x3b, 0xff, 0xe3, 0x3f,
    0xfe, 0x70, 0x18, 0x07, 0x01, 0x80, 0x00, 0x18, 0x00, 0x00, 0x00, 0x01, 0x0c, 0x00, 0x3c, 0xc0, 0x01, 0xef, 0xfe, 0x05,
    0xff, 0xe0, 0x38, 0x00, 0x03, 0xff, 0xc6, 0x1f, 0xfc, 0x78, 0xd8, 0xc3, 0x8c, 0xcc, 0x18, 0xc4, 0xc0, 0x3f, 0xff, 0x0b,
    0xff, 0xe0, 0xd9, 0x8c, 0x19, 0x8c, 0xc1, 0x9f, 0xfe, 0x39, 0xff, 0xe3, 0x00, 0x18, 0x70, 0x0f, 0x80, 0x00, 0xf0, 0x00,
    0x00, 0x00, 0x20, 0x00, 0x07, 0xbf, 0xfc, 0x3b, 0xff, 0xc0, 0xb0, 0x0c, 0x03, 0x66, 0xc0, 0x0e, 0x70, 0x61, 0xc3, 0x8f,
    0x38, 0x1c, 0x39, 0x18, 0x81, 0x01, 0x80, 0x03, 0xff, 0xc1, 0xbf, 0xfc, 0x18, 0x7e, 0x01, 0x87, 0xf0, 0x30, 0xdb, 0x03,
    0x3d, 0xbc, 0x77, 0x99, 0xc6, 0x21, 0x8c, 0x00, 0x18, 0x00, 0x00, 0x00, 0x03, 0x9f, 0xfc, 0x1d, 0xff, 0xc0, 0xd8, 0x1c,
    0x01, 0xff, 0xc0, 0x1f, 0xfc, 0x71, 0x81, 0xc7, 0x9f, 0xfc, 0x19, 0xff, 0xc0, 0x02, 0x60, 0x01, 0x36, 0x40, 0xb3, 0x6e,
    0x19, 0xb6, 0xc1, 0x9f, 0x6c, 0x39, 0xf7, 0x83, 0x03, 0x60, 0x77, 0xff, 0xe2, 0x7f, 0xfe, 0x00, 0x60, 0x00, 0x06, 0x00,
    0x7f, 0xff, 0xe7, 0xff, 0xfe, 0x00, 0xcc, 0xc3, 0x9f, 0xdc, 0x1f, 0xfb, 0x80, 0x07, 0x00, 0x0c, 0xff, 0x03, 0xff, 0xfc,
    0x7b, 0xfe, 0xe2, 0x36, 0x44, 0x00, 0x60, 0x07, 0xff, 0xfe, 0x7f, 0xff, 0xe0, 0x06, 0x00, 0x00, 0x60, 0x00, 0x06, 0x00,
    0x00, 0x60, 0x00, 0x10, 0x00, 0x01, 0x80, 0x00, 0x38, 0x1f, 0xc3, 0xfd, 0xfc, 0x3f, 0xd8, 0xc7, 0x61, 0x8c, 0x66, 0x18,
    0xc0, 0x61, 0x8c, 0x7f, 0xf8, 0xc7, 0xff, 0x8c, 0x06, 0x18, 0xc0, 0xe1, 0x8c, 0x0f, 0x18, 0xc0, 0xf9, 0x8c, 0x1d, 0xd8,
    0xc1, 0x8d, 0xfc, 0x38, 0xdf, 0xc7, 0x01, 0x8c, 0x20, 0x18, 0x00, 0x00, 0x00, 0x00, 0x00, 0x07, 0xff, 0xfe, 0x7f, 0xff,
    0xe0, 0x19, 0x80, 0x01, 0x98, 0x00, 0x19, 0x80, 0x3f, 0xff, 0xc3, 0xff, 0xfc, 0x31, 0x98, 0xc3, 0x39, 0x8c, 0x33, 0x18,
    0xc3, 0xf1, 0xfc, 0x3e, 0x1f, 0xc3, 0x00, 0x0c, 0x30, 0x00, 0xc3, 0xff, 0xfc, 0x3f, 0xff, 0xc3, 0x00, 0x0c, 0x30, 0x00,
    0xc0, 0x00, 0x00, 0x00, 0x00, 0x00, 0x60, 0x00, 0x06, 0x0f, 0xe7, 0xfe, 0xfe, 0x7f, 0xec, 0xe6, 0x66, 0xcc, 0x7f, 0xec,
    0xc7, 0xfe, 0xdc, 0x66, 0x6d, 0x87, 0xfe, 0xdc, 0x7f, 0xec, 0xc0, 0xd8, 0xce, 0x39, 0x8c, 0x67, 0x18, 0xc6, 0x7f, 0xfc,
    0x67, 0xff, 0xfe, 0x01, 0x8d, 0xc0, 0x18, 0xc0, 0x01, 0x8c, 0x00, 0x18, 0xc0, 0x0c, 0x00, 0x00, 0xc7, 0xfe, 0x3f, 0xef,
    0xe3, 0xfe, 0xce, 0x0c, 0xcc, 0xc0, 0xfc, 0xcc, 0x7f, 0xed, 0xc7, 0xfe, 0xd8, 0x0e, 0x0d, 0x81, 0xfc, 0xcc, 0x7f, 0xcc,
    0xe7, 0x8c, 0xc6, 0x7f, 0xcc, 0x61, 0xfc, 0xce, 0x18, 0xcf, 0xe1, 0x8c, 0xdc, 0x1f, 0xcd, 0x01, 0xfc, 0xc0, 0x18, 0xcc,
    0x00, 0x00, 0x00, 0x00, 0x07, 0x01, 0xff, 0xf8, 0x1f, 0xfc, 0x00, 0x0e, 0x00, 0x7f, 0xff, 0xe0, 0x06, 0x00, 0x1f, 0xff,
    0x81, 0xff, 0xf8, 0x1f, 0xff, 0x81, 0xff, 0xf8, 0x18, 0x61, 0x81, 0xff, 0xf8, 0x1f, 0xff, 0x81, 0xff, 0xfc, 0x3f, 0xff,
    0xc0, 0x06, 0x00, 0x7f, 0xff, 0xe7, 0xff, 0xfe, 0x06, 0x00, 0x00, 0x60, 0x38, 0x06, 0x07, 0x80, 0x61, 0xf0, 0x06, 0x7c,
    0x00, 0x6f, 0x80, 0x06, 0x60, 0x00, 0x60, 0x00, 0x7f, 0xff, 0xe7, 0xff, 0xfe, 0x06, 0x30, 0x00, 0x63, 0x80, 0x06, 0x1c,
    0x00, 0x61, 0xe0, 0x06, 0x0f, 0x00, 0x7f, 0x7c, 0x0f, 0xf3, 0xe0, 0xf8, 0x0e, 0x0c, 0x00, 0x00, 0x10, 0x00, 0x03, 0x9f,
    0xfe, 0x1d, 0xff, 0xe0, 0xc0, 0x06, 0x00, 0x00, 0x63, 0x00, 0x06, 0x33, 0xfc, 0x63, 0x3f, 0xc6, 0x33, 0x0c, 0x63, 0x3f,
    0xc6, 0x33, 0xfc, 0x63, 0x30, 0xc6, 0x33, 0x0c, 0x63, 0x3f, 0xc6, 0x33, 0xfc, 0x63, 0x00, 0x06, 0x30, 0x00, 0x63, 0x00,
    0x1e, 0x30, 0x01, 0xc0, 0x00, 0x00, 0x03, 0xfb, 0xfe, 0x3f, 0xbf, 0xe3, 0x3b, 0x06, 0x33, 0x30, 0x63, 0x33, 0x06, 0x37,
    0x3f, 0xe3, 0x73, 0xfe, 0x33, 0x30, 0x63, 0x1b, 0x06, 0x31, 0xbf, 0xe3, 0x1b, 0xfe, 0x37, 0xb0, 0x63, 0x77, 0x06, 0x30,
    0x70, 0x63, 0x06, 0x06, 0x30, 0x60, 0x63, 0x0e, 0x3e, 0x30, 0xc1, 0xc0, 0x00, 0x00, 0x00, 0x00, 0x00, 0x41, 0xc0, 0x7e,
    0x18, 0x07, 0xff, 0xfe, 0x66, 0xff, 0xe6, 0xc3, 0x00, 0x6c, 0x36, 0x06, 0xc7, 0x60, 0x6c, 0x66, 0x06, 0x6f, 0xfe, 0x66,
    0xff, 0xe6, 0x60, 0x60, 0x66, 0x06, 0x06, 0xe0, 0x60, 0x6d, 0xff, 0xe6, 0x1f, 0xfe, 0x60, 0x06, 0x06, 0x00, 0x60, 0x60,
    0x06, 0x06, 0x00, 0x60, 0x00, 0x10, 0x07, 0xe3, 0x80, 0x7e, 0x7f, 0x86, 0xef, 0xf8, 0x6d, 0xe3, 0x06, 0xdb, 0xf0, 0x7c,
    0x3e, 0x07, 0xcf, 0xfc, 0x6f, 0xe7, 0xc6, 0x78, 0xc0, 0x66, 0xff, 0xc6, 0x6f, 0xfc, 0x7e, 0x8c, 0x07, 0xcc, 0xc0, 0x61,
    0xff, 0xc6, 0x1f, 0xfc, 0x60, 0x0c, 0x06, 0x00, 0xc0, 0x60, 0x0c, 0x00, 0x7f, 0xff, 0xe7, 0xff, 0xfe, 0x7f, 0xff, 0xe0,
    0x06, 0x00, 0x3f, 0xff, 0xc3, 0xff, 0xfc, 0x30, 0x60, 0xc3, 0x66, 0xcc, 0x37, 0x6e, 0xc3, 0x3e, 0x7c, 0x31, 0x60, 0xc3,
    0x46, 0x8c, 0x3e, 0x7e, 0xc3, 0x7e, 0x7c, 0x31, 0x62, 0xc3, 0x06, 0x0c, 0x30, 0x67, 0xc3, 0x06, 0x3c, 0x00, 0x00, 0x00,
    0x1f, 0xff, 0x83, 0xff, 0xf8, 0x00, 0x60, 0x07, 0xff, 0xfe, 0x7f, 0xff, 0xe6, 0x06, 0x06, 0x6f, 0x6f, 0x66, 0xf6, 0xe6,
    0x0f, 0x6f, 0x01, 0xf6, 0xf0, 0x00, 0x00, 0x01, 0xff, 0xf0, 0x1f, 0xff, 0x00, 0x00, 0x30, 0x1f, 0xff, 0x00, 0x00, 0x30,
    0x1f, 0xff, 0x01, 0xff, 0xf0, 0x00, 0x03, 0x00, 0x00, 0x00, 0x03, 0xff, 0xf8, 0x00, 0xe0, 0x07, 0xff, 0xfe, 0x7f, 0xff,
    0xe6, 0x06, 0x06, 0x6f, 0x6f, 0x66, 0x06, 0x06, 0x1f, 0x6f, 0x80, 0xf6, 0xf0, 0x1f, 0xff, 0x81, 0xff, 0xf8, 0x18, 0x61,
    0x81, 0xff, 0xf8, 0x1f, 0xff, 0x81, 0x86, 0x18, 0x1f, 0xff, 0x81, 0xff, 0xf8, 0x18, 0x01, 0x80, 0x00, 0x00, 0x00, 0x00,
    0x03, 0xff, 0xf8, 0x00, 0x60, 0x07, 0xff, 0xfe, 0x60, 0xe0, 0xe6, 0xf6, 0xfe, 0x60, 0x60, 0x41, 0xf6, 0xf0, 0x0e, 0x60,
    0x00, 0xff, 0xf8, 0x1f, 0xff, 0x83, 0xc0, 0x18, 0x7f, 0xf9, 0x82, 0xc3, 0xf8, 0x0f, 0xff, 0x80, 0xc0, 0x26, 0x0c, 0x00,
    0x60, 0xff, 0xfe, 0x07, 0xff, 0xc0, 0x00, 0x00, 0x03, 0xff, 0xfc, 0x00, 0x60, 0x07, 0xff, 0xfc, 0x6f, 0x6e, 0xc6, 0xf6,
    0xec, 0x6f, 0x6f, 0xc0, 0x06, 0x00, 0x07, 0x01, 0x01, 0xff, 0xf8, 0x7e, 0x0f, 0x02, 0x3f, 0xc0, 0x7f, 0xff, 0xe7, 0xe6,
    0xfc, 0x3f, 0xff, 0x03, 0xff, 0xf0, 0x03, 0x83, 0x03, 0xf0, 0xf0, 0x3c, 0x0e, 0x00, 0x00, 0x00, 0x00, 0x00, 0x01, 0xff,
    0xf8, 0x1f, 0xff, 0x81, 0x80, 0x18, 0x18, 0x09, 0x81, 0xb1, 0xd8, 0x1b, 0x99, 0x81, 0x9d, 0x98, 0x19, 0xf9, 0x81, 0x8f,
    0x18, 0x18, 0x71, 0x81, 0x8f, 0x18, 0x38, 0xf9, 0x83, 0x9d, 0xd8, 0x33, 0x8d, 0xa3, 0x70, 0xff, 0x72, 0x00, 0xf6, 0x00,
    0x0f, 0x60, 0x00, 0x60, 0x00, 0x00, 0x00, 0x00, 0x00, 0x06, 0x00, 0x00, 0x60, 0x07, 0xff, 0xfe, 0x7f, 0xff, 0xe0, 0x00,
    0x00, 0x0f, 0xff, 0x00, 0xc0, 0x30, 0x0f, 0xff, 0x00, 0xff, 0xf0, 0x00, 0x00, 0x03, 0xff, 0xfc, 0x3f, 0xff, 0xc3, 0x3f,
    0xcc, 0x37, 0xfc, 0xc3, 0x70, 0xcc, 0x37, 0xfc, 0xc3, 0x7f, 0xcc, 0x33, 0x03, 0xc3, 0x00, 0x3c, 0x0c, 0x00, 0x01, 0xe0,
    0x00, 0x1e, 0x00, 0x00, 0x80, 0x00, 0x00, 0x00, 0x00, 0x00, 0x00, 0x00, 0x00, 0x00, 0x00, 0x00, 0x00, 0x00, 0x00, 0x80,
    0x00, 0x1e, 0x00, 0x01, 0xe0, 0x00, 0x1c, 0x00, 0x00
};
static const UiGlyph glyphs20[] = {
    {0x20, 0, 5, 0, 5, 0, 20},
    {0x21, 0, 7, 16, 7, 0, 4},
    {0x22, 14, 11, 17, 11, 0, 3},
    {0x23, 38, 12, 16, 12, 0, 4},
    {0x24, 62, 12, 21, 12, 0, 2},
    {0x25, 94, 20, 16, 20, 0, 4},
    {0x26, 134, 15, 16, 15, 0, 4},
    {0x27, 164, 7, 17, 7, 0, 3},
    {0x28, 179, 8, 23, 8, 0, 2},
    {0x29, 202, 7, 23, 7, 0, 2},
    {0x2a, 223, 10, 17, 10, 0, 3},
    {0x2b, 245, 12, 13, 12, 0, 7},
    {0x2c, 265, 6, 8, 6, 0, 17},
    {0x2d, 271, 7, 8, 7, 0, 12},
    {0x2e, 278, 5, 4, 5, 0, 16},
    {0x2f, 281, 8, 21, 8, 0, 3},
    {0x30, 302, 12, 16, 12, 0, 4},
    {0x31, 326, 12, 16, 12, 0, 4},
    {0x32, 350, 12, 16, 12, 0, 4},
    {0x33, 374, 12, 16, 12, 0, 4},
    {0x34, 398, 12, 16, 12, 0, 4},
    {0x35, 422, 12, 16, 12, 0, 4},
    {0x36, 446, 12, 16, 12, 0, 4},
    {0x37, 470, 12, 16, 12, 0, 4},
    {0x38, 494, 12, 16, 12, 0, 4},
    {0x39, 518, 12, 16, 12, 0, 4},
    {0x3a, 542, 5, 12, 5, 0, 8},
    {0x3b, 550, 6, 17, 6, 0, 8},
    {0x3c, 563, 12, 14, 12, 0, 6},
    {0x3d, 584, 12, 12, 12, 0, 8},
    {0x3e, 602, 12, 14, 12, 0, 6},
    {0x3f, 623, 10, 16, 10, 0, 4},
    {0x40, 643, 20, 21, 20, 0, 4},
    {0x41, 696, 13, 16, 13, 0, 4},
    {0x42, 722, 14, 16, 14, 0, 4},
    {0x43, 750, 13, 16, 13, 0, 4},
    {0x44, 776, 14, 16, 14, 0, 4},
    {0x45, 804, 12, 16, 12, 0, 4},
    {0x46, 828, 12, 16, 12, 0, 4},
    {0x47, 852, 14, 16, 14, 0, 4},
    {0x48, 880, 15, 16, 15, 0, 4},
    {0x49, 910, 7, 16, 7, 0, 4},
    {0x4a, 924, 12, 16, 12, 0, 4},
    {0x4b, 948, 14, 16, 14, 0, 4},
    {0x4c, 976, 12, 16, 12, 0, 4},
    {0x4d, 1000, 17, 16, 17, 0, 4},
    {0x4e, 1034, 15, 16, 15, 0, 4},
    {0x4f, 1064, 15, 16, 15, 0, 4},
    {0x50, 1094, 14, 16, 14, 0, 4},
    {0x51, 1122, 15, 21, 15, 0, 4},
    {0x52, 1162, 14, 16, 14, 0, 4},
    {0x53, 1190, 12, 16, 12, 0, 4},
    {0x54, 1214, 13, 16, 13, 0, 4},
    {0x55, 1240, 15, 16, 15, 0, 4},
    {0x56, 1270, 14, 16, 12, -1, 4},
    {0x57, 1298, 18, 16, 18, 0, 4},
    {0x58, 1334, 12, 16, 12, 0, 4},
    {0x59, 1358, 13, 16, 11, -1, 4},
    {0x5a, 1384, 13, 16, 13, 0, 4},
    {0x5b, 1410, 7, 21, 7, 0, 3},
    {0x5c, 1429, 8, 21, 8, 0, 3},
    {0x5d, 1450, 7, 21, 7, 0, 3},
    {0x5e, 1469, 12, 17, 12, 0, 3},
    {0x5f, 1495, 13, 3, 13, 0, 20},
    {0x60, 1500, 12, 20, 12, 0, 0},
    {0x61, 1530, 11, 12, 11, 0, 8},
    {0x62, 1547, 13, 17, 13, 0, 3},
    {0x63, 1575, 11, 12, 11, 0, 8},
    {0x64, 1592, 13, 17, 13, 0, 3},
    {0x65, 1620, 12, 12, 12, 0, 8},
    {0x66, 1638, 8, 17, 8, 0, 3},
    {0x67, 1655, 12, 17, 12, 0, 8},
    {0x68, 1681, 13, 17, 13, 0, 3},
    {0x69, 1709, 6, 17, 6, 0, 3},
    {0x6a, 1722, 7, 22, 5, -2, 3},
    {0x6b, 1742, 13, 17, 12, 0, 3},
    {0x6c, 1770, 7, 17, 7, 0, 3},
    {0x6d, 1785, 19, 12, 19, 0, 8},
    {0x6e, 1814, 13, 12, 13, 0, 8},
    {0x6f, 1834, 13, 12, 13, 0, 8},
    {0x70, 1854, 13, 17, 13, 0, 8},
    {0x71, 1882, 13, 17, 13, 0, 8},
    {0x72, 1910, 9, 12, 9, 0, 8},
    {0x73, 1924, 10, 12, 10, 0, 8},
    {0x74, 1939, 9, 15, 9, 0, 5},
    {0x75, 1956, 13, 12, 13, 0, 8},
    {0x76, 1976, 11, 12, 11, 0, 8},
    {0x77, 1993, 17, 12, 17, 0, 8},
    {0x78, 2019, 11, 12, 11, 0, 8},
    {0x79, 2036, 11, 17, 11, 0, 8},
    {0x7a, 2060, 11, 12, 11, 0, 8},
    {0x7b, 2077, 7, 21, 7, 0, 3},
    {0x7c, 2096, 6, 24, 6, 0, 2},
    {0x7d, 2114, 8, 21, 8, 0, 3},
    {0x7e, 2135, 12, 10, 12, 0, 10},
    {0xb0, 2150, 8, 16, 8, 0, 4},
    {0x2026, 2166, 20, 9, 20, 0, 11},
    {0x2103, 2189, 20, 17, 20, 0, 4},
    {0x4e00, 2232, 20, 9, 20, 0, 11},
    {0x4e03, 2255, 20, 19, 20, 0, 3},
    {0x4e09, 2303, 20, 16, 20, 0, 5},
    {0x4e0a, 2343, 20, 18, 20, 0, 3},
    {0x4e1c, 2388, 20, 19, 20, 0, 3},
    {0x4e8c, 2436, 20, 15, 20, 0, 5},
    {0x4e91, 2474, 20, 18, 20, 0, 4},
    {0x4e94, 2519, 20, 17, 20, 0, 4},
    {0x4eac, 2562, 20, 21, 20, 0, 2},
    {0x4eca, 2615, 20, 20, 20, 0, 2},
    {0x4f4e, 2665, 20, 20, 20, 0, 3},
    {0x516d, 2715, 20, 20, 20, 0, 2},
    {0x51b0, 2765, 21, 19, 20, 0, 3},
    {0x51bb, 2815, 20, 19, 20, 0, 3},
    {0x5317, 2863, 21, 20, 20, 0, 3},
    {0x533a, 2916, 20, 18, 20, 0, 4},
    {0x5357, 2961, 20, 19, 20, 0, 3},
    {0x538b, 3009, 20, 19, 20, 0, 3},
    {0x5468, 3057, 20, 19, 20, 0, 4},
    {0x56db, 3105, 20, 18, 20, 0, 4},
    {0x5733, 3150, 20, 20, 20, 0, 3},
    {0x591a, 3200, 20, 19, 20, 0, 3},
    {0x5929, 3248, 20, 18, 20, 0, 4},
    {0x5b89, 3293, 20, 20, 20, 0, 2},
    {0x5c11, 3343, 20, 19, 20, 0, 3},
    {0x5ddd, 3391, 20, 19, 20, 0, 4},
    {0x5dde, 3439, 20, 20, 20, 0, 3},
    {0x5e02, 3489, 20, 20, 20, 0, 2},
    {0x5e7f, 3539, 20, 20, 20, 0, 2},
    {0x5e86, 3589, 20, 20, 20, 0, 2},
    {0x5ea6, 3639, 20, 19, 20, 0, 3},
    {0x6210, 3687, 20, 21, 20, 0, 2},
    {0x636e, 3740, 20, 20, 20, 0, 3},
    {0x6570, 3790, 20, 19, 20, 0, 3},
    {0x65b0, 3838, 20, 20, 20, 0, 2},
    {0x65e0, 3888, 20, 19, 20, 0, 4},
    {0x65e5, 3936, 20, 19, 20, 0, 4},
    {0x65f6, 3984, 20, 20, 20, 0, 3},
    {0x660e, 4034, 20, 20, 20, 0, 3},
    {0x6674, 4084, 20, 20, 20, 0, 2},
    {0x6682, 4134, 20, 20, 20, 0, 3},
    {0x66b4, 4184, 20, 20, 20, 0, 3},
    {0x66f4, 4234, 20, 19, 20, 0, 4},
    {0x6700, 4282, 20, 19, 20, 0, 3},
    {0x6708, 4330, 20, 19, 20, 0, 4},
    {0x672a, 4378, 20, 20, 20, 0, 2},
    {0x676d, 4428, 20, 21, 20, 0, 2},
    {0x6982, 4481, 20, 20, 20, 0, 3},
    {0x6b66, 4531, 20, 19, 20, 0, 3},
    {0x6bdb, 4579, 20, 19, 20, 0, 3},
    {0x6c14, 4627, 20, 19, 20, 0, 3},
    {0x6c34, 4675, 20, 19, 20, 0, 3},
    {0x6c49, 4723, 20, 19, 20, 0, 3},
    {0x6c99, 4771, 20, 20, 20, 0, 3},
    {0x6d25, 4821, 20, 19, 20, 0, 3},
    {0x6d77, 4869, 20, 21, 20, 0, 2},
    {0x6df1, 4922, 20, 19, 20, 0, 3},
    {0x6e7f, 4970, 20, 18, 20, 0, 3},
    {0x7387, 5015, 20, 19, 20, 0, 3},
    {0x77e5, 5063, 20, 20, 20, 0, 3},
    {0x897f, 5113, 20, 20, 20, 0, 3},
    {0x90eb, 5163, 20, 20, 20, 0, 2},
    {0x90fd, 5213, 20, 20, 20, 0, 3},
    {0x91cd, 5263, 20, 18, 20, 0, 3},
    {0x957f, 5308, 20, 19, 20, 0, 3},
    {0x95f4, 5356, 20, 19, 20, 0, 3},
    {0x9634, 5404, 20, 20, 20, 0, 3},
    {0x9635, 5454, 20, 20, 20, 0, 2},
    {0x964d, 5504, 20, 19, 20, 0, 3},
    {0x96e8, 5552, 20, 19, 20, 0, 4},
    {0x96ea, 5600, 20, 19, 20, 0, 3},
    {0x96f7, 5648, 20, 20, 20, 0, 3},
    {0x96f9, 5698, 20, 19, 20, 0, 3},
    {0x96fe, 5746, 20, 20, 20, 0, 3},
    {0x98ce, 5796, 20, 20, 20, 0, 3},
    {0x9ad8, 5846, 20, 20, 20, 0, 2},
    {0xff1a, 5896, 20, 13, 20, 0, 7},
};
const UiFont WeatherSans20 = {glyphs20, bitmap20, 175, 26};

static const uint8_t bitmap32[] = {
    0x3f, 0xe1, 0xff, 0x0f, 0xf8, 0x7f, 0xc0, 0x00, 0x00, 0x00, 0x00, 0x00, 0x00, 0x00, 0x00, 0x00, 0x00, 0x00, 0x00, 0x00,
    0x1c, 0x1f, 0x0f, 0x87, 0xc3, 0xe0, 0xe0, 0x03, 0xf0, 0x01, 0xff, 0x80, 0x7f, 0xf8, 0x0f, 0xff, 0x03, 0xe1, 0xf0, 0x78,
    0x1e, 0x1f, 0x03, 0xe3, 0xe0, 0x7c, 0x7c, 0x0f, 0x8f, 0x00, 0xf1, 0xe0, 0x1e, 0x3c, 0x03, 0xc7, 0x80, 0x78, 0xf0, 0x0f,
    0x1f, 0x03, 0xe3, 0xe0, 0x7c, 0x7c, 0x0f, 0x87, 0x81, 0xe0, 0xf8, 0x7c, 0x0f, 0xff, 0x01, 0xff, 0xe0, 0x1f, 0xf8, 0x00,
    0xfc, 0x00, 0x00, 0xf0, 0x00, 0xfe, 0x00, 0x3f, 0xc0, 0x07, 0xf8, 0x00, 0xff, 0x00, 0x01, 0xe0, 0x00, 0x3c, 0x00, 0x07,
    0x80, 0x00, 0xf0, 0x00, 0x1e, 0x00, 0x03, 0xc0, 0x00, 0x78, 0x00, 0x0f, 0x00, 0x01, 0xe0, 0x00, 0x3c, 0x00, 0x07, 0x80,
    0x00, 0xf0, 0x00, 0x1e, 0x00, 0x03, 0xc0, 0x0f, 0xff, 0xc1, 0xff, 0xf8, 0x3f, 0xff, 0x07, 0xff, 0xe0, 0x07, 0xe0, 0x03,
    0xff, 0x00, 0xff, 0xf0, 0x3f, 0xff, 0x03, 0x83, 0xe0, 0x00, 0x3c, 0x00, 0x07, 0x80, 0x00, 0xf0, 0x00, 0x1e, 0x00, 0x07,
    0xc0, 0x00, 0xf8, 0x00, 0x3e, 0x00, 0x07, 0x80, 0x01, 0xf0, 0x00, 0x7c, 0x00, 0x1f, 0x00, 0x07, 0xc0, 0x01, 0xf0, 0x00,
    0x7c, 0x00, 0x1f, 0x9f, 0xc7, 0xff, 0xf8, 0xff, 0xff, 0x1f, 0xff, 0xe0, 0x03, 0xf8, 0x01, 0xff, 0x80, 0xff, 0xf8, 0x1f,
    0xff, 0x81, 0x81, 0xf0, 0x00, 0x1e, 0x00, 0x03, 0xc0, 0x00, 0xf8, 0x00, 0x7e, 0x00, 0x7f, 0x80, 0x0f, 0xe0, 0x01, 0xfe,
    0x00, 0x3f, 0xf0, 0x00, 0x3e, 0x00, 0x03, 0xe0, 0x00, 0x3c, 0x00, 0x07, 0x82, 0x01, 0xf0, 0xe0, 0x3e, 0x3f, 0xff, 0x83,
    0xff, 0xe0, 0x3f, 0xf8, 0x01, 0xfc, 0x00, 0x00, 0x7e, 0x00, 0x0f, 0xc0, 0x03, 0xf8, 0x00, 0x7f, 0x00, 0x1f, 0xe0, 0x07,
    0xbc, 0x00, 0xf7, 0x80, 0x3c, 0xf0, 0x0f, 0x1e, 0x01, 0xe3, 0xc0, 0x78, 0x78, 0x1e, 0x0f, 0x03, 0xc1, 0xe0, 0xff, 0xff,
    0x9f, 0xff, 0xf3, 0xff, 0xfe, 0x7f, 0xff, 0xc0, 0x03, 0xc0, 0x00, 0x78, 0x00, 0x0f, 0x00, 0x01, 0xe0, 0x00, 0x3c, 0x00,
    0x07, 0x80, 0x1f, 0xff, 0x03, 0xff, 0xe0, 0x7f, 0xfc, 0x0f, 0xff, 0x81, 0xe0, 0x00, 0x3c, 0x00, 0x07, 0x80, 0x00, 0xff,
    0xc0, 0x1f, 0xfc, 0x03, 0xff, 0xc0, 0x7f, 0xfc, 0x04, 0x0f, 0xc0, 0x00, 0xf8, 0x00, 0x1f, 0x00, 0x01, 0xe0, 0x00, 0x3c,
    0x00, 0x0f, 0x84, 0x01, 0xf0, 0xe0, 0x7c, 0x3f, 0xff, 0x87, 0xff, 0xe0, 0x3f, 0xf8, 0x01, 0xfc, 0x00, 0x00, 0xfc, 0x00,
    0x7f, 0xe0, 0x1f, 0xfe, 0x07, 0xff, 0xc0, 0xf8, 0x00, 0x3e, 0x00, 0x07, 0x80, 0x01, 0xf0, 0x00, 0x3e, 0xfe, 0x07, 0xff,
    0xe0, 0xff, 0xfe, 0x1f, 0xc7, 0xc3, 0xe0, 0x7c, 0x7c, 0x0f, 0x8f, 0x80, 0xf1, 0xf0, 0x1e, 0x1e, 0x07, 0xc3, 0xc0, 0xf8,
    0x7c, 0x1e, 0x07, 0xff, 0xc0, 0x7f, 0xf0, 0x07, 0xfc, 0x00, 0x3e, 0x00, 0x3f, 0xff, 0x87, 0xff, 0xf0, 0xff, 0xfe, 0x1f,
    0xff, 0x80, 0x00, 0xf0, 0x00, 0x3c, 0x00, 0x07, 0x00, 0x01, 0xe0, 0x00, 0x3c, 0x00, 0x0f, 0x00, 0x01, 0xe0, 0x00, 0x78,
    0x00, 0x0f, 0x00, 0x01, 0xe0, 0x00, 0x3c, 0x00, 0x0f, 0x80, 0x01, 0xe0, 0x00, 0x3c, 0x00, 0x07, 0x80, 0x00, 0xf0, 0x00,
    0x1e, 0x00, 0x03, 0xc0, 0x00, 0x78, 0x00, 0x07, 0xf0, 0x01, 0xff, 0x00, 0x7f, 0xf0, 0x1f, 0xff, 0x03, 0xe1, 0xe0, 0x78,
    0x1c, 0x0f, 0x03, 0x81, 0xe0, 0x70, 0x3e, 0x0e, 0x03, 0xe3, 0x80, 0x3e, 0x60, 0x03, 0xfc, 0x01, 0xef, 0xe0, 0x78, 0x7e,
    0x0f, 0x03, 0xc3, 0xc0, 0x7c, 0x78, 0x07, 0x8f, 0x01, 0xf1, 0xf0, 0x3e, 0x1f, 0xff, 0x83, 0xff, 0xf0, 0x3f, 0xfc, 0x01,
    0xfe, 0x00, 0x07, 0xf0, 0x01, 0xff, 0x00, 0x7f, 0xf0, 0x1f, 0xff, 0x07, 0xc1, 0xf0, 0xf8, 0x1e, 0x1e, 0x03, 0xe3, 0xc0,
    0x7c, 0x7c, 0x0f, 0x8f, 0x83, 0xf0, 0xff, 0xfe, 0x1f, 0xff, 0xc1, 0xfe, 0x78, 0x0f, 0x9f, 0x00, 0x03, 0xe0, 0x00, 0x7c,
    0x00, 0x0f, 0x00, 0x03, 0xe0, 0x60, 0xf8, 0x1f, 0xff, 0x03, 0xff, 0xc0, 0x3f, 0xf0, 0x01, 0xf8, 0x00, 0x07, 0xf0, 0x0f,
    0xfc, 0x0f, 0xff, 0x07, 0xff, 0xc1, 0x83, 0xe0, 0x01, 0xf0, 0x00, 0x78, 0x00, 0x7c, 0x00, 0x3c, 0x00, 0x3e, 0x00, 0x3e,
    0x00, 0x3e, 0x00, 0x3e, 0x00, 0x1e, 0x00, 0x0f, 0x00, 0x07, 0x00, 0x03, 0x80, 0x00, 0x00, 0x00, 0x00, 0x00, 0x70, 0x00,
    0x7c, 0x00, 0x3e, 0x00, 0x1f, 0x00, 0x0f, 0x80, 0x03, 0x80, 0x00
};
static const UiGlyph glyphs32[] = {
    {0x2d, 0, 13, 12, 13, 0, 13},
    {0x2e, 20, 9, 6, 9, 0, 19},
    {0x30, 27, 19, 23, 19, 0, 2},
    {0x31, 82, 19, 23, 19, 0, 2},
    {0x32, 137, 19, 23, 19, 0, 2},
    {0x33, 192, 19, 23, 19, 0, 2},
    {0x34, 247, 19, 23, 19, 0, 2},
    {0x35, 302, 19, 23, 19, 0, 2},
    {0x36, 357, 19, 23, 19, 0, 2},
    {0x37, 412, 19, 23, 19, 0, 2},
    {0x38, 467, 19, 23, 19, 0, 2},
    {0x39, 522, 19, 23, 19, 0, 2},
    {0x3f, 577, 17, 25, 17, 0, 0},
};
const UiFont WeatherSans32 = {glyphs32, bitmap32, 13, 25};

static const uint8_t bitmap44[] = {
    0x3f, 0xfc, 0x3f, 0xfc, 0x3f, 0xfc, 0x3f, 0xfc, 0x3f, 0xfc, 0x00, 0x00, 0x00, 0x00, 0x00, 0x00, 0x00, 0x00, 0x00, 0x00,
    0x00, 0x00, 0x00, 0x00, 0x00, 0x00, 0x00, 0x00, 0x00, 0x00, 0x02, 0x00, 0x7c, 0x07, 0xf0, 0x3f, 0x81, 0xfc, 0x0f, 0xe0,
    0x7f, 0x01, 0xf0, 0x02, 0x00, 0x00, 0x0c, 0x00, 0x00, 0x3f, 0xf0, 0x00, 0x1f, 0xfe, 0x00, 0x0f, 0xff, 0xc0, 0x07, 0xff,
    0xf8, 0x03, 0xfc, 0xff, 0x00, 0xfc, 0x0f, 0xc0, 0x7f, 0x03, 0xf8, 0x1f, 0x80, 0x7e, 0x07, 0xe0, 0x1f, 0x83, 0xf8, 0x07,
    0xe0, 0xfc, 0x00, 0xfc, 0x3f, 0x00, 0x3f, 0x0f, 0xc0, 0x0f, 0xc3, 0xf0, 0x03, 0xf0, 0xfc, 0x00, 0xfc, 0x3f, 0x00, 0x3f,
    0x0f, 0xc0, 0x0f, 0xc3, 0xf0, 0x03, 0xf0, 0xfc, 0x00, 0xfc, 0x3f, 0x00, 0x3f, 0x0f, 0xc0, 0x0f, 0xc3, 0xf0, 0x03, 0xf0,
    0x7e, 0x01, 0xf8, 0x1f, 0x80, 0x7e, 0x07, 0xe0, 0x1f, 0x81, 0xfc, 0x0f, 0xc0, 0x3f, 0x03, 0xf0, 0x0f, 0xf3, 0xfc, 0x01,
    0xff, 0xfe, 0x00, 0x3f, 0xff, 0x00, 0x07, 0xff, 0x80, 0x00, 0xff, 0xc0, 0x00, 0x03, 0x00, 0x00, 0x00, 0x1f, 0x80, 0x00,
    0x1f, 0xe0, 0x00, 0x7f, 0xf8, 0x00, 0x1f, 0xfe, 0x00, 0x07, 0xff, 0x80, 0x01, 0xff, 0xe0, 0x00, 0x01, 0xf8, 0x00, 0x00,
    0x7e, 0x00, 0x00, 0x1f, 0x80, 0x00, 0x07, 0xe0, 0x00, 0x01, 0xf8, 0x00, 0x00, 0x7e, 0x00, 0x00, 0x1f, 0x80, 0x00, 0x07,
    0xe0, 0x00, 0x01, 0xf8, 0x00, 0x00, 0x7e, 0x00, 0x00, 0x1f, 0x80, 0x00, 0x07, 0xe0, 0x00, 0x01, 0xf8, 0x00, 0x00, 0x7e,
    0x00, 0x00, 0x1f, 0x80, 0x00, 0x07, 0xe0, 0x00, 0x01, 0xf8, 0x00, 0x00, 0x7e, 0x00, 0x00, 0x1f, 0x80, 0x00, 0x07, 0xe0,
    0x00, 0x01, 0xf8, 0x00, 0x3f, 0xff, 0xf8, 0x0f, 0xff, 0xfe, 0x03, 0xff, 0xff, 0x80, 0xff, 0xff, 0xe0, 0x3f, 0xff, 0xf8,
    0x00, 0x3c, 0x00, 0x00, 0x7f, 0xe0, 0x00, 0x7f, 0xfc, 0x00, 0x3f, 0xff, 0xc0, 0x1f, 0xff, 0xf0, 0x0f, 0xf3, 0xfe, 0x01,
    0xe0, 0x3f, 0x80, 0x30, 0x07, 0xf0, 0x00, 0x00, 0xfc, 0x00, 0x00, 0x3f, 0x00, 0x00, 0x0f, 0xc0, 0x00, 0x03, 0xf0, 0x00,
    0x00, 0xfc, 0x00, 0x00, 0x3f, 0x00, 0x00, 0x1f, 0x80, 0x00, 0x07, 0xe0, 0x00, 0x03, 0xf0, 0x00, 0x00, 0xfc, 0x00, 0x00,
    0x7e, 0x00, 0x00, 0x3f, 0x80, 0x00, 0x1f, 0xc0, 0x00, 0x0f, 0xe0, 0x00, 0x07, 0xf0, 0x00, 0x01, 0xf8, 0x00, 0x00, 0xfe,
    0x00, 0x00, 0xff, 0x00, 0x00, 0x7f, 0x80, 0x00, 0x3f, 0xc0, 0x00, 0x1f, 0xff, 0xfe, 0x0f, 0xff, 0xff, 0x83, 0xff, 0xff,
    0xe0, 0xff, 0xff, 0xf8, 0x3f, 0xff, 0xfe, 0x00, 0x00, 0x38, 0x00, 0x00, 0x7f, 0xe0, 0x00, 0x7f, 0xfe, 0x00, 0x3f, 0xff,
    0xc0, 0x3f, 0xff, 0xf8, 0x07, 0xf1, 0xfe, 0x00, 0xe0, 0x1f, 0xc0, 0x10, 0x03, 0xf0, 0x00, 0x00, 0xfc, 0x00, 0x00, 0x3f,
    0x00, 0x00, 0x0f, 0xc0, 0x00, 0x07, 0xe0, 0x00, 0x03, 0xf8, 0x00, 0x03, 0xfc, 0x00, 0x0f, 0xfe, 0x00, 0x03, 0xff, 0x00,
    0x00, 0xff, 0x80, 0x00, 0x3f, 0xf8, 0x00, 0x0f, 0xff, 0x80, 0x00, 0x1f, 0xe0, 0x00, 0x01, 0xfc, 0x00, 0x00, 0x3f, 0x80,
    0x00, 0x07, 0xe0, 0x00, 0x01, 0xf8, 0x00, 0x00, 0x7e, 0x00, 0x00, 0x1f, 0x81, 0x80, 0x0f, 0xe0, 0xf8, 0x07, 0xf0, 0x7f,
    0xc7, 0xfc, 0x0f, 0xff, 0xfe, 0x01, 0xff, 0xff, 0x00, 0x3f, 0xff, 0x80, 0x03, 0xff, 0x80, 0x00, 0x0f, 0x00, 0x00, 0x00,
    0x07, 0xf8, 0x00, 0x03, 0xfe, 0x00, 0x00, 0xff, 0x80, 0x00, 0x7f, 0xe0, 0x00, 0x3f, 0xf8, 0x00, 0x0f, 0xfe, 0x00, 0x07,
    0xdf, 0x80, 0x01, 0xf7, 0xe0, 0x00, 0xf9, 0xf8, 0x00, 0x7e, 0x7e, 0x00, 0x1f, 0x1f, 0x80, 0x0f, 0xc7, 0xe0, 0x07, 0xe1,
    0xf8, 0x01, 0xf0, 0x7e, 0x00, 0xfc, 0x1f, 0x80, 0x7e, 0x07, 0xe0, 0x1f, 0x01, 0xf8, 0x0f, 0xc0, 0x7e, 0x03, 0xe0, 0x1f,
    0x81, 0xff, 0xff, 0xfe, 0x7f, 0xff, 0xff, 0x9f, 0xff, 0xff, 0xe7, 0xff, 0xff, 0xf9, 0xff, 0xff, 0xfc, 0x00, 0x01, 0xf8,
    0x00, 0x00, 0x7e, 0x00, 0x00, 0x1f, 0x80, 0x00, 0x07, 0xe0, 0x00, 0x01, 0xf8, 0x00, 0x00, 0x7e, 0x00, 0x00, 0x1f, 0x80,
    0x00, 0x07, 0xe0, 0x0f, 0xff, 0xf8, 0x03, 0xff, 0xfe, 0x00, 0xff, 0xff, 0x80, 0x3f, 0xff, 0xe0, 0x0f, 0xff, 0xf8, 0x03,
    0xe0, 0x00, 0x00, 0xf8, 0x00, 0x00, 0x3e, 0x00, 0x00, 0x0f, 0x80, 0x00, 0x03, 0xe0, 0x00, 0x00, 0xf8, 0x00, 0x00, 0x3e,
    0xfe, 0x00, 0x0f, 0xff, 0xe0, 0x03, 0xff, 0xfc, 0x00, 0xff, 0xff, 0x80, 0x3e, 0x0f, 0xf0, 0x02, 0x01, 0xfc, 0x00, 0x00,
    0x3f, 0x80, 0x00, 0x07, 0xe0, 0x00, 0x01, 0xf8, 0x00, 0x00, 0x7e, 0x00, 0x00, 0x1f, 0x80, 0x00, 0x07, 0xe0, 0x00, 0x01,
    0xf8, 0x00, 0x00, 0xfe, 0x06, 0x00, 0x3f, 0x03, 0xe0, 0x1f, 0xc1, 0xfe, 0x3f, 0xe0, 0x7f, 0xff, 0xf8, 0x0f, 0xff, 0xfc,
    0x00, 0xff, 0xfe, 0x00, 0x0f, 0xfe, 0x00, 0x00, 0x38, 0x00, 0x00, 0x00, 0x03, 0x00, 0x00, 0x0f, 0xfc, 0x00, 0x0f, 0xff,
    0x80, 0x07, 0xff, 0xf8, 0x03, 0xff, 0xfe, 0x01, 0xff, 0x3f, 0x00, 0xff, 0x01, 0x80, 0x3f, 0x00, 0x00, 0x1f, 0xc0, 0x00,
    0x07, 0xe0, 0x00, 0x01, 0xf8, 0x00, 0x00, 0xfe, 0x00, 0x00, 0x3f, 0x00, 0x00, 0x0f, 0xc3, 0xf0, 0x03, 0xf3, 0xff, 0x00,
    0xfd, 0xff, 0xf0, 0x3f, 0xff, 0xfc, 0x0f, 0xf8, 0x7f, 0x83, 0xfc, 0x07, 0xe0, 0xfe, 0x01, 0xfc, 0x3f, 0x00, 0x3f, 0x0f,
    0xc0, 0x0f, 0xc3, 0xf0, 0x03, 0xf0, 0x7e, 0x00, 0xfc, 0x1f, 0x80, 0x3f, 0x07, 0xe0, 0x1f, 0xc0, 0xfc, 0x07, 0xe0, 0x3f,
    0x83, 0xf8, 0x07, 0xfb, 0xfe, 0x01, 0xff, 0xff, 0x00, 0x3f, 0xff, 0x80, 0x07, 0xff, 0xc0, 0x00, 0x7f, 0xc0, 0x00, 0x01,
    0x80, 0x00, 0x3f, 0xff, 0xfe, 0x0f, 0xff, 0xff, 0x83, 0xff, 0xff, 0xe0, 0xff, 0xff, 0xf8, 0x3f, 0xff, 0xfc, 0x00, 0x00,
    0x3f, 0x00, 0x00, 0x1f, 0x80, 0x00, 0x07, 0xc0, 0x00, 0x03, 0xe0, 0x00, 0x00, 0xf8, 0x00, 0x00, 0x7c, 0x00, 0x00, 0x3f,
    0x00, 0x00, 0x0f, 0x80, 0x00, 0x03, 0xe0, 0x00, 0x01, 0xf8, 0x00, 0x00, 0x7c, 0x00, 0x00, 0x3f, 0x00, 0x00, 0x0f, 0xc0,
    0x00, 0x03, 0xe0, 0x00, 0x00, 0xf8, 0x00, 0x00, 0x7e, 0x00, 0x00, 0x1f, 0x80, 0x00, 0x07, 0xe0, 0x00, 0x01, 0xf8, 0x00,
    0x00, 0x7c, 0x00, 0x00, 0x3f, 0x00, 0x00, 0x0f, 0xc0, 0x00, 0x03, 0xf0, 0x00, 0x00, 0xfc, 0x00, 0x00, 0x3f, 0x00, 0x00,
    0x0f, 0xc0, 0x00, 0x03, 0xf0, 0x00, 0x00, 0x1c, 0x00, 0x00, 0x3f, 0xf0, 0x00, 0x3f, 0xfe, 0x00, 0x1f, 0xff, 0xc0, 0x0f,
    0xff, 0xf8, 0x03, 0xf0, 0x7e, 0x01, 0xf8, 0x0f, 0xc0, 0x7c, 0x01, 0xf0, 0x1f, 0x00, 0x7c, 0x07, 0xc0, 0x1f, 0x01, 0xf0,
    0x07, 0xc0, 0x7e, 0x01, 0xf0, 0x0f, 0xc0, 0xf8, 0x03, 0xf8, 0x3e, 0x00, 0x7f, 0x9f, 0x00, 0x0f, 0xff, 0x80, 0x01, 0xff,
    0xc0, 0x00, 0xff, 0xfc, 0x00, 0x7d, 0xff, 0x80, 0x3e, 0x1f, 0xf0, 0x1f, 0x01, 0xfe, 0x07, 0xc0, 0x3f, 0x83, 0xe0, 0x07,
    0xf0, 0xf8, 0x00, 0xfc, 0x3e, 0x00, 0x3f, 0x0f, 0x80, 0x0f, 0xc3, 0xf0, 0x03, 0xf0, 0xfc, 0x01, 0xfc, 0x1f, 0x80, 0xfe,
    0x07, 0xff, 0xff, 0x00, 0xff, 0xff, 0xc0, 0x0f, 0xff, 0xc0, 0x01, 0xff, 0xe0, 0x00, 0x07, 0x80, 0x00, 0x00, 0x18, 0x00,
    0x00, 0x3f, 0xe0, 0x00, 0x3f, 0xfe, 0x00, 0x1f, 0xff, 0xc0, 0x0f, 0xff, 0xf8, 0x07, 0xf9, 0xfe, 0x01, 0xfc, 0x1f, 0xc0,
    0xfe, 0x03, 0xf0, 0x3f, 0x00, 0x7e, 0x0f, 0xc0, 0x1f, 0x83, 0xf0, 0x07, 0xe0, 0xfc, 0x00, 0xfc, 0x3f, 0x00, 0x3f, 0x0f,
    0xc0, 0x1f, 0xc3, 0xf8, 0x0f, 0xf0, 0x7f, 0x07, 0xfc, 0x1f, 0xff, 0xff, 0x03, 0xff, 0xff, 0xc0, 0xff, 0xfb, 0xf0, 0x0f,
    0xf8, 0xfc, 0x00, 0xfc, 0x3f, 0x00, 0x00, 0x1f, 0xc0, 0x00, 0x07, 0xe0, 0x00, 0x01, 0xf8, 0x00, 0x00, 0x7e, 0x00, 0x00,
    0x3f, 0x00, 0x00, 0x1f, 0xc0, 0x18, 0x0f, 0xe0, 0x0f, 0xcf, 0xf8, 0x07, 0xff, 0xfc, 0x01, 0xff, 0xfe, 0x00, 0x3f, 0xff,
    0x00, 0x03, 0xff, 0x00, 0x00, 0x0c, 0x00, 0x00, 0x00, 0xfe, 0x00, 0x0f, 0xfe, 0x00, 0xff, 0xfc, 0x07, 0xff, 0xf8, 0x3f,
    0xff, 0xe0, 0x7c, 0x1f, 0xc0, 0xc0, 0x7f, 0x00, 0x00, 0xfc, 0x00, 0x03, 0xf0, 0x00, 0x0f, 0xc0, 0x00, 0x3f, 0x00, 0x01,
    0xf8, 0x00, 0x0f, 0xe0, 0x00, 0x3f, 0x00, 0x01, 0xf8, 0x00, 0x0f, 0xc0, 0x00, 0x7e, 0x00, 0x01, 0xf8, 0x00, 0x0f, 0xc0,
    0x00, 0x3e, 0x00, 0x00, 0xf8, 0x00, 0x03, 0xe0, 0x00, 0x0f, 0x80, 0x00, 0x00, 0x00, 0x00, 0x00, 0x00, 0x00, 0x00, 0x00,
    0x02, 0x00, 0x00, 0x3e, 0x00, 0x01, 0xfc, 0x00, 0x07, 0xf0, 0x00, 0x1f, 0xc0, 0x00, 0x7f, 0x00, 0x01, 0xfc, 0x00, 0x03,
    0xe0, 0x00, 0x02, 0x00, 0x00
};
static const UiGlyph glyphs44[] = {
    {0x2d, 0, 16, 15, 16, 0, 19},
    {0x2e, 30, 13, 9, 13, 0, 26},
    {0x30, 45, 26, 34, 26, 0, 1},
    {0x31, 156, 26, 32, 26, 0, 2},
    {0x32, 260, 26, 33, 26, 0, 1},
    {0x33, 368, 26, 34, 26, 0, 1},
    {0x34, 479, 26, 32, 26, 0, 2},
    {0x35, 583, 26, 33, 26, 0, 2},
    {0x36, 691, 26, 34, 26, 0, 1},
    {0x37, 802, 26, 32, 26, 0, 2},
    {0x38, 906, 26, 34, 26, 0, 1},
    {0x39, 1017, 26, 34, 26, 0, 1},
    {0x3f, 1128, 22, 35, 22, 0, 0},
};
const UiFont WeatherSans44 = {glyphs44, bitmap44, 13, 35};
